DATETIME,GAS,COAL,NUCLEAR,WIND,WIND_EMB,HYDRO,IMPORTS,BIOMASS,OTHER,SOLAR,STORAGE,GENERATION,CARBON_INTENSITY,freq_mean,freq_min,freq_max,freq_std,out_of_49_5_50_5,out_of_49_8_50_2,n_points,Temperature (°C)_aberdeen,Precipitation (mm)_aberdeen,Wind Speed (m/s)_aberdeen,Wind Direction (deg)_aberdeen,Solar Irradiance (W/m˛)_aberdeen,Cloud Cover (%)_aberdeen,Temperature (°C)_humber,Precipitation (mm)_humber,Wind Speed (m/s)_humber,Wind Direction (deg)_humber,Solar Irradiance (W/m˛)_humber,Cloud Cover (%)_humber,Temperature (°C)_camborne,Precipitation (mm)_camborne,Wind Speed (m/s)_camborne,Wind Direction (deg)_camborne,Solar Irradiance (W/m˛)_camborne,Cloud Cover (%)_camborne,Temperature (°C)_ashford,Precipitation (mm)_ashford,Wind Speed (m/s)_ashford,Wind Direction (deg)_ashford,Solar Irradiance (W/m˛)_ashford,Cloud Cover (%)_ashford,Temperature (°C)_eastanglia,Precipitation (mm)_eastanglia,Wind Speed (m/s)_eastanglia,Wind Direction (deg)_eastanglia,Solar Irradiance (W/m˛)_eastanglia,Cloud Cover (%)_eastanglia,Day,Holiday,ND,TSD,SETTLEMENT_DATE,SETTLEMENT_PERIOD,Datetime_utc
2020-01-01 00:00:00+00:00,7915,670,6953,5004,1135,672,2993,2353,130,0,41,27866,162,50.0567,49.968,50.119,0.0389,0,0,1800,3.6,0,18.5,201,0,41,3.8,0,12.3,148,0,54,7.8,0,10.5,98,0,100,3.6,0,10.9,136,0,17,7.5,0,12.9,113,0,100,Wednesday,Yes,26340,27153,1-Jan-20,1,2020-01-01 00:00:00+00:00
2020-01-01 00:30:00+00:00,8423,670,6949,5043,1096,669,2944,2358,123,0,62,28337,166,50.0079,49.947,50.109,0.0325,0,0,1800,3.6,0,18.5,201,0,41,3.8,0,12.3,148,0,54,7.8,0,10.5,98,0,100,3.6,0,10.9,136,0,17,7.5,0,12.9,113,0,100,Wednesday,Yes,26921,27684,1-Jan-20,2,2020-01-01 00:30:00+00:00
2020-01-01 01:00:00+00:00,8040,670,6952,5030,1059,662,2894,2356,122,0,0,27786,164,49.9854,49.892,50.046,0.0471,0,0,1800,3.6,0,18.7,208,0,38,3.8,0,9.6,146,0,100,7.4,0,9.9,109,0,67,2.8,0,8.2,128,0,22,7.2,0,12.2,124,0,100,Wednesday,Yes,26569,27240,1-Jan-20,3,2020-01-01 01:00:00+00:00
2020-01-01 01:30:00+00:00,7502,670,6948,4825,1026,591,2847,2343,122,0,0,26874,161,49.954,49.897,50.048,0.0344,0,0,1800,3.6,0,18.7,208,0,38,3.8,0,9.6,146,0,100,7.4,0,9.9,109,0,67,2.8,0,8.2,128,0,22,7.2,0,12.2,124,0,100,Wednesday,Yes,25754,26435,1-Jan-20,4,2020-01-01 01:30:00+00:00
2020-01-01 02:00:00+00:00,7023,669,6954,4689,999,548,2789,2356,121,0,0,26148,158,50.0075,49.925,50.125,0.0596,0,0,1800,3.4,0,14.5,210,0,29,4.1,0,9.2,141,0,100,7,0,7.3,110,0,100,2.8,0,8.5,118,0,90,6.9,0,12.6,143,0,94,Wednesday,Yes,25075,25824,1-Jan-20,5,2020-01-01 02:00:00+00:00
2020-01-01 02:30:00+00:00,6845,670,6953,4633,977,546,2742,2351,121,0,0,25838,157,50.0339,49.946,50.11,0.0367,0,0,1800,3.4,0,14.5,210,0,29,4.1,0,9.2,141,0,100,7,0,7.3,110,0,100,2.8,0,8.5,118,0,90,6.9,0,12.6,143,0,94,Wednesday,Yes,24468,25542,1-Jan-20,6,2020-01-01 02:30:00+00:00
2020-01-01 03:00:00+00:00,7348,670,6947,4469,960,527,2028,2360,122,0,0,25431,157,49.9384,49.89,50.024,0.026,0,0,1800,3.5,0,16.1,204,0,68,4.5,0,9.8,144,0,94,7.9,0,6.2,111,0,100,4.1,0,10,128,0,100,6.2,0,11.3,153,0,94,Wednesday,Yes,23724,25226,1-Jan-20,7,2020-01-01 03:00:00+00:00
2020-01-01 03:30:00+00:00,6997,670,6950,4352,952,429,1951,2339,122,0,0,24761,155,50.0526,49.958,50.162,0.0486,0,0,1800,3.5,0,16.1,204,0,68,4.5,0,9.8,144,0,94,7.9,0,6.2,111,0,100,4.1,0,10,128,0,100,6.2,0,11.3,153,0,94,Wednesday,Yes,23041,24573,1-Jan-20,8,2020-01-01 03:30:00+00:00
2020-01-01 04:00:00+00:00,6905,670,6956,4530,948,440,1806,2345,123,0,0,24723,152,50.0384,49.938,50.138,0.0524,0,0,1800,3.9,0,18.5,201,0,56,4.5,0,9.6,160,0,94,8.1,0.1,4.5,104,0,100,4.5,0,10.2,135,0,100,5.7,0,9.4,162,0,99,Wednesday,Yes,22537,23822,1-Jan-20,9,2020-01-01 04:00:00+00:00
2020-01-01 04:30:00+00:00,6712,671,6962,4813,953,438,1806,2341,123,0,0,24819,149,50.0513,50.02,50.117,0.0188,0,0,1800,3.9,0,18.5,201,0,56,4.5,0,9.6,160,0,94,8.1,0.1,4.5,104,0,100,4.5,0,10.2,135,0,100,5.7,0,9.4,162,0,99,Wednesday,Yes,22322,23898,1-Jan-20,10,2020-01-01 04:30:00+00:00
2020-01-01 05:00:00+00:00,6083,670,6960,4973,962,475,2204,2359,123,0,0,24809,143,50.0244,49.97,50.088,0.0229,0,0,1800,4.3,0,22.2,200,0,83,4.8,0,9.6,160,0,100,8,0.1,3.5,66,0,100,4.6,0,10,139,0,100,5.2,0,8.1,167,0,100,Wednesday,Yes,22358,23879,1-Jan-20,11,2020-01-01 05:00:00+00:00
2020-01-01 05:30:00+00:00,6287,670,6957,4854,966,479,2220,2365,124,0,0,24922,146,50.0045,49.962,50.07,0.0192,0,0,1800,4.3,0,22.2,200,0,83,4.8,0,9.6,160,0,100,8,0.1,3.5,66,0,100,4.6,0,10,139,0,100,5.2,0,8.1,167,0,100,Wednesday,Yes,22511,24017,1-Jan-20,12,2020-01-01 05:30:00+00:00
2020-01-01 06:00:00+00:00,6223,670,6963,4899,965,486,3128,2271,124,0,0,25729,147,50.0353,49.996,50.114,0.0279,0,0,1800,4.7,0,19.5,199,0,71,4.8,0,8.1,167,0,99,7.6,0.1,3.4,18,0,100,4.6,0,8.9,153,0,100,4.6,0,6.9,171,0,100,Wednesday,Yes,23354,24795,1-Jan-20,13,2020-01-01 06:00:00+00:00
2020-01-01 06:30:00+00:00,6581,669,6960,4782,963,493,3142,2244,125,0,0,25959,151,49.9835,49.886,50.085,0.0601,0,0,1800,4.7,0,19.5,199,0,71,4.8,0,8.1,167,0,99,7.6,0.1,3.4,18,0,100,4.6,0,8.9,153,0,100,4.6,0,6.9,171,0,100,Wednesday,Yes,23690,25038,1-Jan-20,14,2020-01-01 06:30:00+00:00
2020-01-01 07:00:00+00:00,6598,670,6955,4586,966,534,3346,2334,128,0,0,26117,154,49.932,49.868,50.016,0.0266,0,0,1800,5.2,0,25,216,0,48,4.6,0,6.5,177,0,97,8.1,0,5.2,16,0,100,4.7,0,8.4,173,0,100,4.4,0,8.1,193,0,100,Wednesday,Yes,24162,25199,1-Jan-20,15,2020-01-01 07:00:00+00:00
2020-01-01 07:30:00+00:00,6824,670,6964,4433,983,535,3364,2345,123,0,0,26241,157,50.018,49.915,50.099,0.0485,0,0,1800,5.2,0,25,216,0,48,4.6,0,6.5,177,0,97,8.1,0,5.2,16,0,100,4.7,0,8.4,173,0,100,4.4,0,8.1,193,0,100,Wednesday,Yes,24414,25297,1-Jan-20,16,2020-01-01 07:30:00+00:00
2020-01-01 08:00:00+00:00,6897,865,6959,4352,999,665,3424,2318,123,0,0,26602,164,50.0134,49.896,50.114,0.0605,0,0,1800,5,0,15.8,240,0,95,4.8,0,7.6,177,0,90,7.9,0,4,10,0,100,4.5,0,6.3,193,0,100,4,0,5.6,207,0,100,Wednesday,Yes,24904,25618,1-Jan-20,17,2020-01-01 08:00:00+00:00
2020-01-01 08:30:00+00:00,7269,1114,6953,4264,999,754,3424,2331,124,44,0,27276,174,49.9348,49.884,50.006,0.0251,0,0,1800,5,0,15.8,240,0,95,4.8,0,7.6,177,0,90,7.9,0,4,10,0,100,4.5,0,6.3,193,0,100,4,0,5.6,207,0,100,Wednesday,Yes,25639,26254,1-Jan-20,18,2020-01-01 08:30:00+00:00
2020-01-01 09:00:00+00:00,8686,1196,6957,3987,1003,793,3430,2340,123,265,0,28780,187,49.9531,49.882,50.011,0.0259,0,0,1800,3.9,0,5.2,214,0,97,4.9,0,8.6,180,4,87,8.4,0,5.1,356,4,100,4.6,0,4.4,189,13,100,4,0,6.6,209,9,100,Wednesday,Yes,26840,27506,1-Jan-20,19,2020-01-01 09:00:00+00:00
2020-01-01 09:30:00+00:00,9540,1264,6957,3973,1029,847,3592,2334,124,617,0,30277,192,49.9644,49.882,50.057,0.05,0,0,1800,3.9,0,5.2,214,0,97,4.9,0,8.6,180,4,87,8.4,0,5.1,356,4,100,4.6,0,4.4,189,13,100,4,0,6.6,209,9,100,Wednesday,Yes,28095,28707,1-Jan-20,20,2020-01-01 09:30:00+00:00
2020-01-01 10:00:00+00:00,10206,1370,6960,4197,1069,853,3702,2359,122,900,0,31738,195,50.0769,49.956,50.16,0.0298,0,0,1800,4.9,0,9,185,20,100,5.4,0,10.8,178,42,71,8.9,0,7.3,349,28,99,4.9,0,3.8,197,56,100,4.2,0,5.1,184,44,100,Wednesday,Yes,29209,29818,1-Jan-20,21,2020-01-01 10:00:00+00:00
2020-01-01 10:30:00+00:00,10396,1425,6956,4516,1111,824,3758,2355,125,1084,0,32550,195,49.9927,49.92,50.091,0.0325,0,0,1800,4.9,0,9,185,20,100,5.4,0,10.8,178,42,71,8.9,0,7.3,349,28,99,4.9,0,3.8,197,56,100,4.2,0,5.1,184,44,100,Wednesday,Yes,29757,30366,1-Jan-20,22,2020-01-01 10:30:00+00:00
2020-01-01 11:00:00+00:00,10555,1324,6955,4717,1150,845,4128,2362,125,1082,0,33243,192,49.977,49.891,50.117,0.0582,0,0,1800,5.9,0,16.4,195,53,99,5.3,0,14.4,176,95,75,9.1,0,6.4,16,39,99,5.2,0,4,170,92,100,4.5,0,5.8,176,88,100,Wednesday,Yes,30508,31117,1-Jan-20,23,2020-01-01 11:00:00+00:00
2020-01-01 11:30:00+00:00,11374,1305,6948,4951,1185,778,4110,2366,149,1087,0,34253,195,49.9312,49.849,50.014,0.0413,0,0,1800,5.9,0,16.4,195,53,99,5.3,0,14.4,176,95,75,9.1,0,6.4,16,39,99,5.2,0,4,170,92,100,4.5,0,5.8,176,88,100,Wednesday,Yes,31378,31987,1-Jan-20,24,2020-01-01 11:30:00+00:00
2020-01-01 12:00:00+00:00,12293,1451,6955,4953,1214,773,4010,2365,133,1072,67,35286,202,50.0179,49.956,50.068,0.0251,0,0,1800,7.8,0,18,217,108,100,5.7,0,16.2,184,127,90,8.9,0,3.6,307,103,86,4.8,0,4.1,195,117,100,5,0,7.2,207,97,100,Wednesday,Yes,32317,32961,1-Jan-20,25,2020-01-01 12:00:00+00:00
2020-01-01 12:30:00+00:00,12507,1519,6952,4972,1240,786,4020,2365,126,1127,0,35614,204,49.9461,49.876,50.057,0.0472,0,0,1800,7.8,0,18,217,108,100,5.7,0,16.2,184,127,90,8.9,0,3.6,307,103,86,4.8,0,4.1,195,117,100,5,0,7.2,207,97,100,Wednesday,Yes,32654,33263,1-Jan-20,26,2020-01-01 12:30:00+00:00
2020-01-01 13:00:00+00:00,12585,1551,6961,5073,1266,783,4100,2361,124,855,0,35659,206,49.9654,49.877,50.108,0.066,0,0,1800,7.5,0,7.2,243,113,48,5.6,0,17.3,201,147,79,9.1,0,5.2,286,172,100,4.8,0,4.2,211,79,100,5.2,0,8.5,216,92,100,Wednesday,Yes,32943,33554,1-Jan-20,27,2020-01-01 13:00:00+00:00
2020-01-01 13:30:00+00:00,12211,1601,6968,5414,1296,806,4148,2358,123,698,0,35623,204,50.0823,50.018,50.131,0.0251,0,0,1800,7.5,0,7.2,243,113,48,5.6,0,17.3,201,147,79,9.1,0,5.2,286,172,100,4.8,0,4.2,211,79,100,5.2,0,8.5,216,92,100,Wednesday,Yes,33021,33633,1-Jan-20,28,2020-01-01 13:30:00+00:00
2020-01-01 14:00:00+00:00,11987,1485,6961,5788,1320,840,4334,2360,123,460,0,35658,200,49.9983,49.919,50.071,0.034,0,0,1800,7.1,0,10.3,192,103,6,5.2,0,17.9,218,105,100,9,0,6.2,280,139,97,5.1,0,4.9,216,79,100,5.2,0,8.2,221,65,100,Wednesday,Yes,33273,33882,1-Jan-20,29,2020-01-01 14:00:00+00:00
2020-01-01 14:30:00+00:00,11993,1429,6964,6073,1328,841,4302,2362,123,242,0,35657,198,49.9694,49.91,50.084,0.043,0,0,1800,7.1,0,10.3,192,103,6,5.2,0,17.9,218,105,100,9,0,6.2,280,139,97,5.1,0,4.9,216,79,100,5.2,0,8.2,221,65,100,Wednesday,Yes,33502,34111,1-Jan-20,30,2020-01-01 14:30:00+00:00
2020-01-01 15:00:00+00:00,12105,1441,6961,6204,1341,934,4368,2297,130,61,59,35901,199,49.967,49.894,50.036,0.0349,0,0,1800,6.3,0,17.1,202,51,50,5.1,0,16.3,205,45,100,8.8,0,5.8,266,106,91,5.4,0,5.1,188,41,100,5.3,0,7.9,210,37,100,Wednesday,Yes,33908,34517,1-Jan-20,31,2020-01-01 15:00:00+00:00
2020-01-01 15:30:00+00:00,12254,1542,6967,6480,1377,953,4492,2290,121,5,38,36519,201,50.0558,49.989,50.142,0.0295,0,0,1800,6.3,0,17.1,202,51,50,5.1,0,16.3,205,45,100,8.8,0,5.8,266,106,91,5.4,0,5.1,188,41,100,5.3,0,7.9,210,37,100,Wednesday,Yes,34616,35225,1-Jan-20,32,2020-01-01 15:30:00+00:00
2020-01-01 16:00:00+00:00,12669,1537,6964,6821,1422,957,4606,2343,134,0,38,37491,201,50.0892,49.991,50.205,0.0453,0,18,1800,5.4,0,20.1,213,5,1,4.8,0,15.5,208,9,100,6.8,0,6.6,248,59,52,5.1,0,5.3,152,8,99,5.3,0,5.4,184,8,100,Wednesday,Yes,35524,36139,1-Jan-20,33,2020-01-01 16:00:00+00:00
2020-01-01 16:30:00+00:00,12504,1492,6957,7112,1458,971,4606,2359,141,0,607,38207,194,50.0617,49.975,50.131,0.0272,0,0,1800,5.4,0,20.1,213,5,1,4.8,0,15.5,208,9,100,6.8,0,6.6,248,59,52,5.1,0,5.3,152,8,99,5.3,0,5.4,184,8,100,Wednesday,Yes,36757,37364,1-Jan-20,34,2020-01-01 16:30:00+00:00
2020-01-01 17:00:00+00:00,12625,1519,6956,7064,1485,992,4534,2361,213,0,1556,39305,191,49.984,49.94,50.064,0.026,0,0,1800,5,0,24.2,210,0,100,4.8,0,17.4,214,0,100,5.5,0,7.9,204,4,38,4.8,0,6.7,144,0,100,5.3,0,7.2,186,0,100,Wednesday,Yes,37271,37877,1-Jan-20,35,2020-01-01 17:00:00+00:00
2020-01-01 17:30:00+00:00,12415,1576,6962,7171,1511,993,4500,2361,197,0,1459,39145,191,50.0499,49.981,50.107,0.0281,0,0,1800,5,0,24.2,210,0,100,4.8,0,17.4,214,0,100,5.5,0,7.9,204,4,38,4.8,0,6.7,144,0,100,5.3,0,7.2,186,0,100,Wednesday,Yes,37061,37667,1-Jan-20,36,2020-01-01 17:30:00+00:00
2020-01-01 18:00:00+00:00,12618,1611,6961,7324,1542,965,3612,2363,188,0,1361,38545,193,50.0285,49.926,50.132,0.0415,0,0,1800,4.9,0,27.7,206,0,100,4.9,0,17.3,216,0,92,6.1,0,6.6,189,0,61,4.8,0,2.9,120,0,100,5.5,0,9.2,191,0,99,Wednesday,Yes,36138,36745,1-Jan-20,37,2020-01-01 18:00:00+00:00
2020-01-01 18:30:00+00:00,12316,1619,6959,7639,1578,961,3580,2361,174,0,352,37539,195,50.0163,49.902,50.105,0.0467,0,0,1800,4.9,0,27.7,206,0,100,4.9,0,17.3,216,0,92,6.1,0,6.6,189,0,61,4.8,0,2.9,120,0,100,5.5,0,9.2,191,0,99,Wednesday,Yes,35398,36006,1-Jan-20,38,2020-01-01 18:30:00+00:00
2020-01-01 19:00:00+00:00,11553,1609,6965,7923,1612,961,3440,2362,133,0,259,36817,188,50.0297,49.917,50.107,0.034,0,0,1800,4.7,0,28,206,0,100,5.1,0,16.9,214,0,96,6.7,0,10.1,182,0,32,5.2,0,3.2,90,0,100,5.4,0,10.8,184,0,91,Wednesday,Yes,34613,35221,1-Jan-20,39,2020-01-01 19:00:00+00:00
2020-01-01 19:30:00+00:00,10519,1621,6957,8048,1634,904,3436,2362,149,0,298,35928,182,49.9821,49.852,50.063,0.0439,0,0,1800,4.7,0,28,206,0,100,5.1,0,16.9,214,0,96,6.7,0,10.1,182,0,32,5.2,0,3.2,90,0,100,5.4,0,10.8,184,0,91,Wednesday,Yes,33645,34254,1-Jan-20,40,2020-01-01 19:30:00+00:00
2020-01-01 20:00:00+00:00,9857,1523,6959,7889,1652,741,3762,2361,152,0,68,34964,179,49.9615,49.844,50.045,0.0456,0,0,1800,4.7,0,27.7,205,0,94,5.5,0,17.9,214,0,100,7.1,0,11.1,193,0,38,5.6,0,5.2,115,0,100,5.5,0,11.9,182,0,98,Wednesday,Yes,32734,33343,1-Jan-20,41,2020-01-01 20:00:00+00:00
2020-01-01 20:30:00+00:00,8934,1357,6960,7958,1674,549,3756,2363,140,0,26,33717,170,49.9832,49.886,50.114,0.0553,0,0,1800,4.7,0,27.7,205,0,94,5.5,0,17.9,214,0,100,7.1,0,11.1,193,0,38,5.6,0,5.2,115,0,100,5.5,0,11.9,182,0,98,Wednesday,Yes,31564,32173,1-Jan-20,42,2020-01-01 20:30:00+00:00
2020-01-01 21:00:00+00:00,8263,1384,6968,8196,1702,443,3436,2338,121,0,0,32851,167,50.0383,49.938,50.143,0.0623,0,0,1800,4.9,0,28.8,209,0,42,5.6,0,18,213,0,100,7.4,0,11.4,198,0,28,6,0,6.4,133,0,100,5.4,0,12.6,185,0,100,Wednesday,Yes,30352,31121,1-Jan-20,43,2020-01-01 21:00:00+00:00
2020-01-01 21:30:00+00:00,7071,1225,6964,7948,1737,439,3428,2193,121,0,0,31126,156,50.0097,49.888,50.102,0.0549,0,0,1800,4.9,0,28.8,209,0,42,5.6,0,18,213,0,100,7.4,0,11.4,198,0,28,6,0,6.4,133,0,100,5.4,0,12.6,185,0,100,Wednesday,Yes,28724,29519,1-Jan-20,44,2020-01-01 21:30:00+00:00
2020-01-01 22:00:00+00:00,6811,1032,6971,7916,1775,439,2862,2274,121,0,0,30201,150,50.0057,49.89,50.148,0.0756,0,0,1800,5.3,0,30.3,208,0,54,5.9,0,19.2,210,0,99,7.5,0,12.1,197,0,14,6.1,0,4.4,145,0,100,5.8,0,13.8,189,0,100,Wednesday,Yes,27187,28451,1-Jan-20,45,2020-01-01 22:00:00+00:00
2020-01-01 22:30:00+00:00,5806,931,6966,8030,1813,437,2846,2038,122,0,0,28989,138,50.0185,49.87,50.112,0.0589,0,0,1800,5.3,0,30.3,208,0,54,5.9,0,19.2,210,0,99,7.5,0,12.1,197,0,14,6.1,0,4.4,145,0,100,5.8,0,13.8,189,0,100,Wednesday,Yes,25909,27181,1-Jan-20,46,2020-01-01 22:30:00+00:00
2020-01-01 23:00:00+00:00,5124,891,6967,7905,1839,418,1710,1828,133,0,53,26868,130,49.9953,49.872,50.17,0.0865,0,0,1800,5.6,0,31.7,212,0,92,6.1,0,20,210,0,100,7.6,0,13.1,189,0,22,5.9,0,6,205,0,100,5.9,0,14.6,190,0,100,Wednesday,Yes,24414,25023,1-Jan-20,47,2020-01-01 23:00:00+00:00
2020-01-01 23:30:00+00:00,4556,670,6968,7852,1847,419,1694,1604,121,0,0,25731,117,50.063,49.958,50.147,0.0429,0,0,1800,5.6,0,31.7,212,0,92,6.1,0,20,210,0,100,7.6,0,13.1,189,0,22,5.9,0,6,205,0,100,5.9,0,14.6,190,0,100,Wednesday,Yes,23293,23906,1-Jan-20,48,2020-01-01 23:30:00+00:00
2020-01-02 00:00:00+00:00,4111,669,6961,7964,1857,404,1994,1528,121,0,0,25609,105,50.0563,49.998,50.125,0.0305,0,0,1800,6.3,0,33.9,211,0,100,6.2,0,21.3,208,0,97,8.7,0,17.4,193,0,46,5.5,0,5.8,173,0,100,5.8,0,16,194,0,99,Thursday,Yes,23040,23830,2-Jan-20,1,2020-01-02 00:00:00+00:00
2020-01-02 00:30:00+00:00,4153,669,6962,8121,1891,403,1978,1743,122,0,0,26042,105,50.0361,49.979,50.102,0.026,0,0,1800,6.3,0,33.9,211,0,100,6.2,0,21.3,208,0,97,8.7,0,17.4,193,0,46,5.5,0,5.8,173,0,100,5.8,0,16,194,0,99,Thursday,Yes,23334,24221,2-Jan-20,2,2020-01-02 00:30:00+00:00
2020-01-02 01:00:00+00:00,4399,668,6964,8153,1931,403,1280,1898,122,0,0,25818,110,50.0568,49.982,50.122,0.03,0,0,1800,6.7,0,35.9,209,0,99,6.4,0,22.1,206,0,83,9.1,0,19.6,197,0,59,5.4,0,6.5,183,0,99,5.8,0,17.1,187,0,97,Thursday,Yes,23037,23938,2-Jan-20,3,2020-01-02 01:00:00+00:00
2020-01-02 01:30:00+00:00,4203,668,6963,8123,1958,404,1234,1953,121,0,0,25627,108,50.0197,49.971,50.121,0.0299,0,0,1800,6.7,0,35.9,209,0,99,6.4,0,22.1,206,0,83,9.1,0,19.6,197,0,59,5.4,0,6.5,183,0,99,5.8,0,17.1,187,0,97,Thursday,Yes,22355,23736,2-Jan-20,4,2020-01-02 01:30:00+00:00
2020-01-02 02:00:00+00:00,4738,673,6963,8164,1980,402,898,1977,122,0,0,25917,116,50.0433,49.951,50.117,0.0337,0,0,1800,7,0,35.7,211,0,100,6.3,0,22.2,205,0,61,9.1,0,20,203,0,60,5.9,0,4.7,203,0,99,6,0,18.7,178,0,70,Thursday,Yes,21773,24031,2-Jan-20,5,2020-01-02 02:00:00+00:00
2020-01-02 02:30:00+00:00,4583,694,6964,8357,2010,400,898,1978,121,0,0,26005,114,50.0558,49.98,50.115,0.0312,0,0,1800,7,0,35.7,211,0,100,6.3,0,22.2,205,0,61,9.1,0,20,203,0,60,5.9,0,4.7,203,0,99,6,0,18.7,178,0,70,Thursday,Yes,21437,24080,2-Jan-20,6,2020-01-02 02:30:00+00:00
2020-01-02 03:00:00+00:00,4626,717,6961,8396,2055,398,714,2006,131,0,0,26004,113,49.967,49.927,50.021,0.0263,0,0,1800,6.9,0,36,211,0,100,6.6,0,22.4,206,0,100,9,0,20.6,205,0,47,5.8,0,5.1,188,0,95,5.8,0,18,180,0,91,Thursday,Yes,20953,24037,2-Jan-20,7,2020-01-02 03:00:00+00:00
2020-01-02 03:30:00+00:00,4567,709,6960,8511,2115,387,712,1995,120,0,0,26076,111,50.0095,49.916,50.116,0.0512,0,0,1800,6.9,0,36,211,0,100,6.6,0,22.4,206,0,100,9,0,20.6,205,0,47,5.8,0,5.1,188,0,95,5.8,0,18,180,0,91,Thursday,Yes,20625,24090,2-Jan-20,8,2020-01-02 03:30:00+00:00
2020-01-02 04:00:00+00:00,4991,691,6965,8601,2172,387,586,1977,121,0,0,26491,113,50.0002,49.895,50.075,0.0533,0,0,1800,6.8,0,35.9,207,0,100,7.1,0,24.5,206,0,99,8.8,0,21.1,205,0,72,5.9,0,6.9,189,0,96,5.9,0,19.5,183,0,74,Thursday,Yes,20398,24410,2-Jan-20,9,2020-01-02 04:00:00+00:00
2020-01-02 04:30:00+00:00,5073,723,6962,8682,2207,423,586,1985,121,0,0,26762,115,49.987,49.897,50.079,0.0483,0,0,1800,6.8,0,35.9,207,0,100,7.1,0,24.5,206,0,99,8.8,0,21.1,205,0,72,5.9,0,6.9,189,0,96,5.9,0,19.5,183,0,74,Thursday,Yes,20523,24637,2-Jan-20,10,2020-01-02 04:30:00+00:00
2020-01-02 05:00:00+00:00,4668,793,6967,8796,2231,503,586,1984,121,0,0,26649,111,50.0521,50.017,50.111,0.0194,0,0,1800,7.1,0,34.8,206,0,98,7.3,0,25,207,0,89,8.8,0,22.1,204,0,85,6.2,0,8.4,205,0,95,5.8,0,20.6,184,0,61,Thursday,Yes,21150,24518,2-Jan-20,11,2020-01-02 05:00:00+00:00
2020-01-02 05:30:00+00:00,4713,990,6969,9085,2257,526,586,1979,121,0,0,27226,117,50.0654,49.974,50.153,0.0434,0,0,1800,7.1,0,34.8,206,0,98,7.3,0,25,207,0,89,8.8,0,22.1,204,0,85,6.2,0,8.4,205,0,95,5.8,0,20.6,184,0,61,Thursday,Yes,22034,25080,2-Jan-20,12,2020-01-02 05:30:00+00:00
2020-01-02 06:00:00+00:00,6097,1477,6964,9129,2276,533,586,1991,123,0,0,29176,143,50.004,49.922,50.102,0.0318,0,0,1800,7.3,0,32.2,204,0,97,6.9,0,25.1,205,0,100,8.8,0,24,208,0,100,6.5,0,10.2,198,0,96,5.9,0,20.6,185,0,99,Thursday,Yes,24339,27009,2-Jan-20,13,2020-01-02 06:00:00+00:00
2020-01-02 06:30:00+00:00,7197,1828,6967,9472,2285,568,586,2095,123,0,0,31121,159,50.0055,49.916,50.103,0.0433,0,0,1800,7.3,0,32.2,204,0,97,6.9,0,25.1,205,0,100,8.8,0,24,208,0,100,6.5,0,10.2,198,0,96,5.9,0,20.6,185,0,99,Thursday,Yes,26141,28804,2-Jan-20,14,2020-01-02 06:30:00+00:00
2020-01-02 07:00:00+00:00,8533,1940,6965,9896,2307,575,586,2250,121,0,0,33173,169,49.9605,49.905,50.02,0.0219,0,0,1800,7.6,0,33,207,0,100,7.2,0,26.4,206,0,94,9,0,25.3,210,0,100,6.7,0,12,187,0,86,6.4,0,20.9,184,0,100,Thursday,Yes,28428,30972,2-Jan-20,15,2020-01-02 07:00:00+00:00
2020-01-02 07:30:00+00:00,9571,2264,6964,9940,2358,574,586,2310,121,0,0,34688,182,49.9843,49.899,50.138,0.0467,0,0,1800,7.6,0,33,207,0,100,7.2,0,26.4,206,0,94,9,0,25.3,210,0,100,6.7,0,12,187,0,86,6.4,0,20.9,184,0,100,Thursday,Yes,29932,32463,2-Jan-20,16,2020-01-02 07:30:00+00:00
2020-01-02 08:00:00+00:00,9830,2448,6965,10463,2401,630,586,2309,125,0,2,35759,184,50.0084,49.815,50.188,0.1065,0,0,1800,8,0,34.1,205,0,100,7.2,0,25.8,207,0,84,9.2,0,25.9,207,0,100,7,0,13.3,178,0,89,6.6,0,20,188,0,95,Thursday,Yes,31417,33373,2-Jan-20,17,2020-01-02 08:00:00+00:00
2020-01-02 08:30:00+00:00,10371,2868,6955,10677,2406,629,586,2292,133,75,8,37000,195,49.9498,49.889,50.025,0.029,0,0,1800,8,0,34.1,205,0,100,7.2,0,25.8,207,0,84,9.2,0,25.9,207,0,100,7,0,13.3,178,0,89,6.6,0,20,188,0,95,Thursday,Yes,32717,34628,2-Jan-20,18,2020-01-02 08:30:00+00:00
2020-01-02 09:00:00+00:00,10140,3187,6958,10901,2410,659,586,2290,122,288,0,37541,197,50.023,49.925,50.065,0.0255,0,0,1800,8.1,0,33.8,202,0,100,7.1,0,26.3,203,6,95,9.4,0,27.2,206,5,100,7.4,0,13.4,186,17,98,7.3,0,21.3,191,8,100,Thursday,Yes,34075,34926,2-Jan-20,19,2020-01-02 09:00:00+00:00
2020-01-02 09:30:00+00:00,10205,3308,6942,11333,2455,667,586,2170,127,502,26,38321,197,49.9932,49.815,50.135,0.0952,0,0,1800,8.1,0,33.8,202,0,100,7.1,0,26.3,203,6,95,9.4,0,27.2,206,5,100,7.4,0,13.4,186,17,98,7.3,0,21.3,191,8,100,Thursday,Yes,34646,35434,2-Jan-20,20,2020-01-02 09:30:00+00:00
2020-01-02 10:00:00+00:00,10427,3294,6935,11635,2521,688,586,1994,123,868,0,39071,194,49.967,49.908,50.063,0.0387,0,0,1800,8.2,0,30.9,201,13,100,7.3,0,28,204,36,98,9.7,0,28.6,203,45,100,8.3,0,16,194,83,88,8.2,0,21.5,190,44,94,Thursday,Yes,35016,35742,2-Jan-20,21,2020-01-02 10:00:00+00:00
2020-01-02 10:30:00+00:00,10128,3280,6928,11904,2581,685,586,2112,148,751,102,39205,191,49.9207,49.799,50.051,0.051,0,1,1800,8.2,0,30.9,201,13,100,7.3,0,28,204,36,98,9.7,0,28.6,203,45,100,8.3,0,16,194,83,88,8.2,0,21.5,190,44,94,Thursday,Yes,35202,35923,2-Jan-20,22,2020-01-02 10:30:00+00:00
2020-01-02 11:00:00+00:00,9865,3376,6924,12112,2633,634,586,2281,146,768,38,39363,190,49.939,49.888,49.991,0.0217,0,0,1800,8.4,0,29.8,200,42,100,7.9,0,27.9,205,97,72,10,0,33.3,205,76,96,9,0,17.5,194,95,42,9.2,0,26.3,193,105,88,Thursday,Yes,35668,36276,2-Jan-20,23,2020-01-02 11:00:00+00:00
2020-01-02 11:30:00+00:00,9942,3408,6915,12376,2682,638,587,2290,125,787,0,39750,190,49.9207,49.862,49.972,0.0237,0,0,1800,8.4,0,29.8,200,42,100,7.9,0,27.9,205,97,72,10,0,33.3,205,76,96,9,0,17.5,194,95,42,9.2,0,26.3,193,105,88,Thursday,Yes,35977,36586,2-Jan-20,24,2020-01-02 11:30:00+00:00
2020-01-02 12:00:00+00:00,10045,3415,6917,12572,2724,611,587,2167,124,689,0,39852,190,49.9124,49.862,49.997,0.0319,0,0,1800,8.7,0,26.9,206,78,100,8.2,0,32.8,211,149,92,10.1,0,35.3,200,130,99,8.7,0.1,19.7,201,171,76,9.3,0,27.7,198,145,52,Thursday,Yes,36409,37018,2-Jan-20,25,2020-01-02 12:00:00+00:00
2020-01-02 12:30:00+00:00,10134,3426,6919,12635,2757,618,588,2001,124,564,0,39766,191,49.9255,49.854,50.024,0.0391,0,0,1800,8.7,0,26.9,206,78,100,8.2,0,32.8,211,149,92,10.1,0,35.3,200,130,99,8.7,0.1,19.7,201,171,76,9.3,0,27.7,198,145,52,Thursday,Yes,36431,37040,2-Jan-20,26,2020-01-02 12:30:00+00:00
2020-01-02 13:00:00+00:00,10354,3426,6926,12741,2792,602,588,2197,123,454,0,40204,192,49.9646,49.863,50.045,0.0365,0,0,1800,9.1,0.1,27.9,216,59,99,8.6,0,33.1,217,99,100,10.2,0,36.4,205,87,100,8.9,0.1,26.2,207,105,82,9.9,0,24.7,201,141,96,Thursday,Yes,36389,36998,2-Jan-20,27,2020-01-02 13:00:00+00:00
2020-01-02 13:30:00+00:00,9830,3423,6926,12917,2836,606,589,2306,127,388,28,39976,188,49.9047,49.815,49.983,0.0411,0,0,1800,9.1,0.1,27.9,216,59,99,8.6,0,33.1,217,99,100,10.2,0,36.4,205,87,100,8.9,0.1,26.2,207,105,82,9.9,0,24.7,201,141,96,Thursday,Yes,36185,36794,2-Jan-20,28,2020-01-02 13:30:00+00:00
2020-01-02 14:00:00+00:00,9797,3420,6928,12943,2851,603,771,2296,148,265,74,40096,189,49.9379,49.845,50.024,0.0287,0,0,1800,9,0.3,32.5,211,31,99,8.6,0,29.7,213,70,100,10.3,0,33,204,87,100,9,0,22.8,201,96,98,9.8,0,24,204,91,94,Thursday,Yes,36394,37001,2-Jan-20,29,2020-01-02 14:00:00+00:00
2020-01-02 14:30:00+00:00,10154,3383,6926,12979,2809,601,781,2293,131,138,24,40220,191,49.9315,49.829,49.984,0.0286,0,0,1800,9,0.3,32.5,211,31,99,8.6,0,29.7,213,70,100,10.3,0,33,204,87,100,9,0,22.8,201,96,98,9.8,0,24,204,91,94,Thursday,Yes,36720,37328,2-Jan-20,30,2020-01-02 14:30:00+00:00
2020-01-02 15:00:00+00:00,10771,3380,6926,12861,2767,626,590,2298,128,29,86,40462,194,49.9585,49.883,50.09,0.0429,0,0,1800,8.9,0.7,31.6,206,15,30,8.6,0,29.5,210,44,100,10.5,0,33.8,207,72,100,9,0,21.6,210,58,97,9.6,0,25.8,205,61,100,Thursday,Yes,37055,37959,2-Jan-20,31,2020-01-02 15:00:00+00:00
2020-01-02 15:30:00+00:00,10828,3373,6933,12936,2779,635,577,2298,126,2,250,40737,193,50.0163,49.861,50.126,0.0702,0,0,1800,8.9,0.7,31.6,206,15,30,8.6,0,29.5,210,44,100,10.5,0,33.8,207,72,100,9,0,21.6,210,58,97,9.6,0,25.8,205,61,100,Thursday,Yes,37376,38287,2-Jan-20,32,2020-01-02 15:30:00+00:00
2020-01-02 16:00:00+00:00,10173,3267,6930,13012,2806,650,1271,2302,146,0,82,40639,188,49.968,49.899,50.073,0.0373,0,0,1800,8.9,0.2,35.2,203,3,71,8.4,0,31.3,215,10,98,10.5,0.1,32.2,205,24,100,8.4,0,21.9,210,17,100,9.3,0,26.6,203,13,100,Thursday,Yes,38890,39508,2-Jan-20,33,2020-01-02 16:00:00+00:00
2020-01-02 16:30:00+00:00,10691,3231,6927,13090,2802,722,1304,2314,139,0,558,41778,187,50.0058,49.888,50.115,0.0554,0,0,1800,8.9,0.2,35.2,203,3,71,8.4,0,31.3,215,10,98,10.5,0.1,32.2,205,24,100,8.4,0,21.9,210,17,100,9.3,0,26.6,203,13,100,Thursday,Yes,40066,40678,2-Jan-20,34,2020-01-02 16:30:00+00:00
2020-01-02 17:00:00+00:00,10034,3259,6928,13124,2789,809,1880,2338,184,0,788,42132,184,49.9864,49.911,50.076,0.0342,0,0,1800,9.1,0,33.8,202,0,2,8.4,0,31.1,210,0,100,10.5,0.3,32.8,206,1,100,8.7,0,22.2,212,0,99,9.4,0,26.9,210,0,100,Thursday,Yes,40528,41219,2-Jan-20,35,2020-01-02 17:00:00+00:00
2020-01-02 17:30:00+00:00,9874,2979,6929,13420,2793,835,1812,2339,184,0,1022,42187,175,50.0305,49.947,50.138,0.0498,0,0,1800,9.1,0,33.8,202,0,2,8.4,0,31.1,210,0,100,10.5,0.3,32.8,206,1,100,8.7,0,22.2,212,0,99,9.4,0,26.9,210,0,100,Thursday,Yes,40391,41213,2-Jan-20,36,2020-01-02 17:30:00+00:00
2020-01-02 18:00:00+00:00,10517,2843,6934,13617,2807,759,1162,2341,178,0,680,41837,177,50.0985,49.982,50.205,0.0425,0,5,1800,9.3,0,34.9,205,0,2,8.2,0,27.4,210,0,100,10.7,0.3,33.3,208,0,100,8.9,0,23.3,212,0,100,9.6,0,28.4,213,0,100,Thursday,Yes,39465,40445,2-Jan-20,37,2020-01-02 18:00:00+00:00
2020-01-02 18:30:00+00:00,9801,2863,6924,13703,2816,600,1191,2336,195,0,652,41081,174,49.9775,49.888,50.061,0.0352,0,0,1800,9.3,0,34.9,205,0,2,8.2,0,27.4,210,0,100,10.7,0.3,33.3,208,0,100,8.9,0,23.3,212,0,100,9.6,0,28.4,213,0,100,Thursday,Yes,38499,39762,2-Jan-20,38,2020-01-02 18:30:00+00:00
2020-01-02 19:00:00+00:00,8853,2443,6922,13519,2816,586,2100,2335,154,0,314,40042,164,49.9768,49.908,50.059,0.0364,0,0,1800,9.5,0,32.9,212,0,4,8.7,0,29.3,214,0,100,10.8,0.4,32.2,212,0,100,9.4,0,25.6,215,0,100,9.7,0,27.6,216,0,100,Thursday,Yes,37487,38702,2-Jan-20,39,2020-01-02 19:00:00+00:00
2020-01-02 19:30:00+00:00,8244,2357,6929,13444,2806,579,2173,2336,142,0,12,39022,160,50.0184,49.897,50.134,0.0677,0,0,1800,9.5,0,32.9,212,0,4,8.7,0,29.3,214,0,100,10.8,0.4,32.2,212,0,100,9.4,0,25.6,215,0,100,9.7,0,27.6,216,0,100,Thursday,Yes,36378,37631,2-Jan-20,40,2020-01-02 19:30:00+00:00
2020-01-02 20:00:00+00:00,7356,1773,6931,13320,2786,547,1943,2338,127,0,0,37121,142,50.0864,49.947,50.171,0.0491,0,0,1800,9.4,0,27.9,216,0,1,9.1,0,33,220,0,100,10.9,1.1,32.3,213,0,100,9.6,0.1,27.2,217,0,100,9.7,0,27.7,218,0,99,Thursday,Yes,34913,35987,2-Jan-20,41,2020-01-02 20:00:00+00:00
2020-01-02 20:30:00+00:00,6548,1284,6923,13156,2763,510,1978,2162,127,0,0,35451,127,49.9712,49.908,50.037,0.0247,0,0,1800,9.4,0,27.9,216,0,1,9.1,0,33,220,0,100,10.9,1.1,32.3,213,0,100,9.6,0.1,27.2,217,0,100,9.7,0,27.7,218,0,99,Thursday,Yes,33342,34340,2-Jan-20,42,2020-01-02 20:30:00+00:00
2020-01-02 21:00:00+00:00,6345,1249,6932,12978,2735,479,2141,2072,126,0,0,35057,126,50.0026,49.941,50.103,0.0451,0,0,1800,9.3,0,19.9,235,0,34,9.4,0.4,33.7,220,0,100,10.9,1.2,32,232,0,100,9.6,0.1,26.3,220,0,100,9.5,0,27.3,214,0,100,Thursday,Yes,31761,32539,2-Jan-20,43,2020-01-02 21:00:00+00:00
2020-01-02 21:30:00+00:00,5051,1250,6927,12650,2703,476,2148,1916,126,0,0,33247,117,50.0275,49.93,50.114,0.0526,0,0,1800,9.3,0,19.9,235,0,34,9.4,0.4,33.7,220,0,100,10.9,1.2,32,232,0,100,9.6,0.1,26.3,220,0,100,9.5,0,27.3,214,0,100,Thursday,Yes,29883,30589,2-Jan-20,44,2020-01-02 21:30:00+00:00
2020-01-02 22:00:00+00:00,5241,1080,6930,12347,2662,499,1426,2053,126,0,0,32365,115,49.945,49.877,50.042,0.0364,0,0,1800,8.2,0.4,34.7,318,0,100,9.7,0,32.7,221,0,99,10.8,0.1,27.7,240,0,27,9.6,0.1,24.5,220,0,99,9.8,0,26.4,212,0,100,Thursday,Yes,28148,29372,2-Jan-20,45,2020-01-02 22:00:00+00:00
2020-01-02 22:30:00+00:00,4901,719,6930,12074,2603,512,1465,1868,138,0,4,31215,103,49.9168,49.839,49.966,0.0259,0,0,1800,8.2,0.4,34.7,318,0,100,9.7,0,32.7,221,0,99,10.8,0.1,27.7,240,0,27,9.6,0.1,24.5,220,0,99,9.8,0,26.4,212,0,100,Thursday,Yes,26914,28215,2-Jan-20,46,2020-01-02 22:30:00+00:00
2020-01-02 23:00:00+00:00,4212,721,6932,11799,2510,514,1396,1541,128,0,106,29859,96,49.979,49.797,50.176,0.0841,0,3,1800,5.3,0.1,24.7,316,0,93,9.8,0,30.1,221,0,99,10.1,0.3,30.6,245,0,75,9.4,0.1,23.3,219,0,100,10.1,0,26,214,0,100,Thursday,Yes,25394,26936,2-Jan-20,47,2020-01-02 23:00:00+00:00
2020-01-02 23:30:00+00:00,3459,721,6944,11660,2376,511,1515,1312,127,0,0,28626,90,50.0474,49.951,50.183,0.0626,0,0,1800,5.3,0.1,24.7,316,0,93,9.8,0,30.1,221,0,99,10.1,0.3,30.6,245,0,75,9.4,0.1,23.3,219,0,100,10.1,0,26,214,0,100,Thursday,Yes,24208,25766,2-Jan-20,48,2020-01-02 23:30:00+00:00
2020-01-03 00:00:00+00:00,3663,721,6938,11580,2253,504,1355,1243,125,0,0,28382,92,49.9762,49.915,50.091,0.0285,0,0,1800,5.7,0,15.3,311,0,3,9.4,0.1,25.7,226,0,99,9.9,0.1,28.8,241,0,54,9.8,0,23.2,216,0,100,10,0,25.1,209,0,100,Friday,No,23901,25670,3-Jan-20,1,2020-01-03 00:00:00+00:00
2020-01-03 00:30:00+00:00,3846,722,6931,11574,2184,495,1389,1583,128,0,0,28852,94,49.9521,49.845,50.051,0.0428,0,0,1800,5.7,0,15.3,311,0,3,9.4,0.1,25.7,226,0,99,9.9,0.1,28.8,241,0,54,9.8,0,23.2,216,0,100,10,0,25.1,209,0,100,Friday,No,24396,26185,3-Jan-20,2,2020-01-03 00:30:00+00:00
2020-01-03 01:00:00+00:00,3993,720,6934,11798,2137,481,1058,1701,126,0,0,28948,92,50.0202,49.902,50.126,0.049,0,0,1800,5.2,0,13.4,301,0,5,9.9,0,24.5,229,0,85,9.9,0.3,33.3,248,0,98,9.9,0.1,22.7,209,0,100,10.1,0.2,24.2,210,0,100,Friday,No,24294,26280,3-Jan-20,3,2020-01-03 01:00:00+00:00
2020-01-03 01:30:00+00:00,3670,721,6931,11951,2073,474,1054,1695,125,0,0,28694,88,50.0395,49.95,50.145,0.0437,0,0,1800,5.2,0,13.4,301,0,5,9.9,0,24.5,229,0,85,9.9,0.3,33.3,248,0,98,9.9,0.1,22.7,209,0,100,10.1,0.2,24.2,210,0,100,Friday,No,23760,26052,3-Jan-20,4,2020-01-03 01:30:00+00:00
2020-01-03 02:00:00+00:00,3379,721,6930,11699,2014,476,984,1520,124,0,0,27847,85,50.0033,49.915,50.097,0.049,0,0,1800,4.5,0,12,286,0,3,9.4,0,20.4,229,0,86,9.7,0.1,30,250,0,100,10.1,0.1,22.8,211,0,100,10.2,0.2,24.3,205,0,100,Friday,No,23295,25819,3-Jan-20,5,2020-01-03 02:00:00+00:00
2020-01-03 02:30:00+00:00,3546,722,6931,11350,1983,475,1030,1569,123,0,0,27729,88,50.0215,49.884,50.169,0.0644,0,0,1800,4.5,0,12,286,0,3,9.4,0,20.4,229,0,86,9.7,0.1,30,250,0,100,10.1,0.1,22.8,211,0,100,10.2,0.2,24.3,205,0,100,Friday,No,23077,25719,3-Jan-20,6,2020-01-03 02:30:00+00:00
2020-01-03 03:00:00+00:00,3292,722,6926,11197,1960,471,1410,1311,123,0,0,27412,85,49.9909,49.917,50.045,0.0253,0,0,1800,4.3,0,12.6,275,0,0,9.2,0,17.1,229,0,99,9.8,0.3,31,257,0,100,10.2,0.4,26.6,207,0,100,10,0.8,22.7,200,0,88,Friday,No,22818,25454,3-Jan-20,7,2020-01-03 03:00:00+00:00
2020-01-03 03:30:00+00:00,3340,722,6931,10945,1926,455,1380,1157,123,0,0,26979,86,50.0692,49.976,50.151,0.0359,0,0,1800,4.3,0,12.6,275,0,0,9.2,0,17.1,229,0,99,9.8,0.3,31,257,0,100,10.2,0.4,26.6,207,0,100,10,0.8,22.7,200,0,88,Friday,No,22498,25083,3-Jan-20,8,2020-01-03 03:30:00+00:00
2020-01-03 04:00:00+00:00,3539,722,6921,10734,1887,454,454,1272,124,0,0,26107,91,50.0048,49.897,50.094,0.0447,0,0,1800,3.8,0,12.5,258,0,0,9.2,0,18.1,227,0,100,10,0.3,27.4,272,0,100,10.3,0.3,29.7,218,0,99,9.9,0.7,19.7,198,0,98,Friday,No,22201,24274,3-Jan-20,9,2020-01-03 04:00:00+00:00
2020-01-03 04:30:00+00:00,3587,721,6927,10474,1857,467,328,1397,125,0,0,25883,92,49.9361,49.828,50.084,0.0453,0,0,1800,3.8,0,12.5,258,0,0,9.2,0,18.1,227,0,100,10,0.3,27.4,272,0,100,10.3,0.3,29.7,218,0,99,9.9,0.7,19.7,198,0,98,Friday,No,22206,24060,3-Jan-20,10,2020-01-03 04:30:00+00:00
2020-01-03 05:00:00+00:00,3844,744,6922,9966,1850,471,486,1407,124,0,0,25814,99,50.0016,49.818,50.099,0.0532,0,0,1800,3.7,0,13.8,261,0,35,9.1,0,16.2,249,0,100,9.9,0.1,27.3,301,0,100,10.3,0,26.4,231,0,94,9.9,1.7,21.7,234,0,99,Friday,No,22905,23998,3-Jan-20,11,2020-01-03 05:00:00+00:00
2020-01-03 05:30:00+00:00,3873,916,6930,9986,1873,466,450,1832,122,0,0,26448,105,50.0477,49.944,50.126,0.0407,0,0,1800,3.7,0,13.8,261,0,35,9.1,0,16.2,249,0,100,9.9,0.1,27.3,301,0,100,10.3,0,26.4,231,0,94,9.9,1.7,21.7,234,0,99,Friday,No,23820,24641,3-Jan-20,12,2020-01-03 05:30:00+00:00
2020-01-03 06:00:00+00:00,4099,1293,6935,9908,1890,470,1833,1691,123,0,0,28242,120,50.0679,49.974,50.188,0.0476,0,0,1800,3.8,0,15.2,274,0,100,9.3,0,20,293,0,100,9,0,29.4,327,0,100,9.8,0.1,24.3,241,0,96,9.8,0.9,20,263,0,99,Friday,No,26175,26874,3-Jan-20,13,2020-01-03 06:00:00+00:00
2020-01-03 06:30:00+00:00,4608,1973,6935,9803,1872,559,2440,2045,123,0,0,30358,141,49.9925,49.814,50.249,0.118,0,221,1800,3.8,0,15.2,274,0,100,9.3,0,20,293,0,100,9,0,29.4,327,0,100,9.8,0.1,24.3,241,0,96,9.8,0.9,20,263,0,99,Friday,No,27751,28549,3-Jan-20,14,2020-01-03 06:30:00+00:00
2020-01-03 07:00:00+00:00,5865,2455,6927,9512,1850,596,3160,2129,125,0,0,32619,163,49.9798,49.882,50.115,0.059,0,0,1800,4.8,0,18.1,283,0,100,8,0.1,25.7,354,0,100,8.8,0.1,29.1,333,0,100,9.7,0.2,22.1,244,0,95,9.5,2.1,18.8,258,0,100,Friday,No,29967,30917,3-Jan-20,15,2020-01-03 07:00:00+00:00
2020-01-03 07:30:00+00:00,6993,2565,6938,9960,1858,634,3180,2313,121,0,0,34562,170,50.0485,49.97,50.128,0.0317,0,0,1800,4.8,0,18.1,283,0,100,8,0.1,25.7,354,0,100,8.8,0.1,29.1,333,0,100,9.7,0.2,22.1,244,0,95,9.5,2.1,18.8,258,0,100,Friday,No,31730,32790,3-Jan-20,16,2020-01-03 07:30:00+00:00
2020-01-03 08:00:00+00:00,7399,3034,6929,10547,1874,641,3434,2319,121,0,0,36298,178,49.9701,49.89,50.077,0.0416,0,0,1800,5.1,0,19.6,284,0,100,7.5,0,20.4,339,0,95,8.4,0.3,30.3,336,0,100,9.3,0,20.1,249,0,97,9.4,1.3,20.4,261,0,100,Friday,No,33354,34485,3-Jan-20,17,2020-01-03 08:00:00+00:00
2020-01-03 08:30:00+00:00,8230,3188,6929,10767,1876,657,3444,2323,125,52,0,37591,184,49.9928,49.893,50.082,0.0522,0,0,1800,5.1,0,19.6,284,0,100,7.5,0,20.4,339,0,95,8.4,0.3,30.3,336,0,100,9.3,0,20.1,249,0,97,9.4,1.3,20.4,261,0,100,Friday,No,34632,35748,3-Jan-20,18,2020-01-03 08:30:00+00:00
2020-01-03 09:00:00+00:00,9253,3346,6927,10566,1876,658,3610,2325,148,239,132,39080,192,49.9986,49.871,50.186,0.0777,0,0,1800,5.2,0,20.5,281,0,93,7.3,0,17.6,319,2,100,8.1,0.1,28.1,339,3,100,9.3,0,17.9,260,9,95,9.2,0.6,23.5,302,3,100,Friday,No,35866,37041,3-Jan-20,19,2020-01-03 09:00:00+00:00
2020-01-03 09:30:00+00:00,9334,3275,6931,10857,1888,778,3608,2344,136,558,102,39811,188,49.9847,49.811,50.158,0.0804,0,0,1800,5.2,0,20.5,281,0,93,7.3,0,17.6,319,2,100,8.1,0.1,28.1,339,3,100,9.3,0,17.9,260,9,95,9.2,0.6,23.5,302,3,100,Friday,No,36177,37397,3-Jan-20,20,2020-01-03 09:30:00+00:00
2020-01-03 10:00:00+00:00,10025,3290,6933,10774,1915,843,2998,2348,131,1055,168,40480,187,50.0603,49.894,50.122,0.0428,0,0,1800,5.2,0,21.5,279,22,24,6.9,0,18.6,319,25,100,8.1,0,25.7,342,24,62,9.5,0,18.4,268,38,100,8.4,0.1,25.8,320,16,100,Friday,No,36095,37496,3-Jan-20,21,2020-01-03 10:00:00+00:00
2020-01-03 10:30:00+00:00,9798,3215,6930,10801,1957,801,2998,2348,123,1770,74,40815,182,49.9973,49.915,50.12,0.0463,0,0,1800,5.2,0,21.5,279,22,24,6.9,0,18.6,319,25,100,8.1,0,25.7,342,24,62,9.5,0,18.4,268,38,100,8.4,0.1,25.8,320,16,100,Friday,No,35671,37127,3-Jan-20,22,2020-01-03 10:30:00+00:00
2020-01-03 11:00:00+00:00,9478,3222,6935,10751,2008,822,3224,2348,123,2514,0,41425,178,49.9961,49.911,50.064,0.0325,0,0,1800,5.8,0,22.4,274,90,0,6.4,0,19.2,304,80,100,8.3,0,27.9,340,128,58,9.8,0,23.8,302,59,96,8.1,0,21.8,322,36,100,Friday,No,35545,36907,3-Jan-20,23,2020-01-03 11:00:00+00:00
2020-01-03 11:30:00+00:00,9235,3144,6940,11017,2062,811,3236,2349,122,2800,154,41870,172,50.0393,49.913,50.13,0.0464,0,0,1800,5.8,0,22.4,274,90,0,6.4,0,19.2,304,80,100,8.3,0,27.9,340,128,58,9.8,0,23.8,302,59,96,8.1,0,21.8,322,36,100,Friday,No,35622,36989,3-Jan-20,24,2020-01-03 11:30:00+00:00
2020-01-03 12:00:00+00:00,8979,3124,6939,11381,2108,783,3328,2332,121,3122,0,42217,168,50.0437,49.954,50.117,0.0389,0,0,1800,6.3,0,22.7,272,131,2,6.1,0,16.7,295,61,20,8.4,0,27.9,340,176,40,9,0,22.7,314,60,100,7.3,0,23.7,316,39,100,Friday,No,35558,36970,3-Jan-20,25,2020-01-03 12:00:00+00:00
2020-01-03 12:30:00+00:00,8632,3200,6929,11394,2132,755,3330,2315,121,3303,0,42111,167,49.9865,49.894,50.063,0.04,0,0,1800,6.3,0,22.7,272,131,2,6.1,0,16.7,295,61,20,8.4,0,27.9,340,176,40,9,0,22.7,314,60,100,7.3,0,23.7,316,39,100,Friday,No,35244,36668,3-Jan-20,26,2020-01-03 12:30:00+00:00
2020-01-03 13:00:00+00:00,8322,2971,6924,11194,2128,753,3734,2314,121,2972,0,41433,165,49.9605,49.9,50.039,0.0335,0,0,1800,6.4,0,21.3,266,144,8,6.9,0,17.6,285,197,0,8.5,0,28.9,339,189,64,8.5,0,21.4,324,50,97,7.3,0,20.4,316,44,70,Friday,No,35109,36386,3-Jan-20,27,2020-01-03 13:00:00+00:00
2020-01-03 13:30:00+00:00,8345,2893,6930,11022,2101,670,3742,2315,129,2682,0,40829,166,49.9707,49.889,50.053,0.0295,0,0,1800,6.4,0,21.3,266,144,8,6.9,0,17.6,285,197,0,8.5,0,28.9,339,189,64,8.5,0,21.4,324,50,97,7.3,0,20.4,316,44,70,Friday,No,34840,36071,3-Jan-20,28,2020-01-03 13:30:00+00:00
2020-01-03 14:00:00+00:00,8317,2874,6927,11262,2070,662,3758,2317,121,2264,0,40572,167,49.9934,49.888,50.101,0.0506,0,0,1800,6.3,0,18.2,256,105,44,7,0,20.2,286,160,2,8.4,0,27.7,337,188,63,8.4,0,19.6,328,66,100,7.4,0,20,308,124,1,Friday,No,35189,36253,3-Jan-20,29,2020-01-03 14:00:00+00:00
2020-01-03 14:30:00+00:00,8794,2778,6929,11194,2049,652,3760,2323,138,1573,14,40204,171,49.9676,49.854,50.098,0.0711,0,0,1800,6.3,0,18.2,256,105,44,7,0,20.2,286,160,2,8.4,0,27.7,337,188,63,8.4,0,19.6,328,66,100,7.4,0,20,308,124,1,Friday,No,35504,36592,3-Jan-20,30,2020-01-03 14:30:00+00:00
2020-01-03 15:00:00+00:00,9132,2769,6933,11308,2019,746,3786,2322,123,703,36,39877,175,49.9878,49.878,50.081,0.0499,0,0,1800,5.8,0,18.6,248,55,35,6.4,0,19.4,285,92,91,8.2,0,24.3,336,128,41,7.6,0,20.1,331,41,91,6.9,0,16.3,301,104,1,Friday,No,36286,37213,3-Jan-20,31,2020-01-03 15:00:00+00:00
2020-01-03 15:30:00+00:00,10006,2944,6931,11208,1962,760,3786,2322,131,105,36,40191,186,49.9989,49.885,50.095,0.0518,0,0,1800,5.8,0,18.6,248,55,35,6.4,0,19.4,285,92,91,8.2,0,24.3,336,128,41,7.6,0,20.1,331,41,91,6.9,0,16.3,301,104,1,Friday,No,37264,38115,3-Jan-20,32,2020-01-03 15:30:00+00:00
2020-01-03 16:00:00+00:00,10964,2918,6926,11558,1913,772,3992,2343,151,0,56,41593,190,49.9758,49.841,50.19,0.0893,0,0,1800,5.3,0,18.2,245,6,65,5.5,0,18.8,273,17,1,7.6,0,21.1,333,71,9,6.6,0,16.6,330,17,18,5.5,0,14,299,26,5,Friday,No,38661,39646,3-Jan-20,33,2020-01-03 16:00:00+00:00
2020-01-03 16:30:00+00:00,12340,3097,6924,11317,1904,729,3996,2349,232,0,808,43696,198,49.9253,49.795,50.06,0.0619,0,13,1800,5.3,0,18.2,245,6,65,5.5,0,18.8,273,17,1,7.6,0,21.1,333,71,9,6.6,0,16.6,330,17,18,5.5,0,14,299,26,5,Friday,No,40813,41788,3-Jan-20,34,2020-01-03 16:30:00+00:00
2020-01-03 17:00:00+00:00,12691,3221,6931,11267,1916,919,4020,2345,199,0,1256,44765,199,50.0131,49.83,50.124,0.0856,0,0,1800,4.9,0,17.6,235,0,54,5.3,0,20.9,267,0,1,7.2,0,19.4,329,5,4,5.5,0,18.2,322,0,28,5,0,14.5,293,0,2,Friday,No,41630,42853,3-Jan-20,35,2020-01-03 17:00:00+00:00
2020-01-03 17:30:00+00:00,12523,3266,6922,11258,1922,958,4020,2339,167,0,1294,44669,199,50.0128,49.854,50.12,0.0702,0,0,1800,4.9,0,17.6,235,0,54,5.3,0,20.9,267,0,1,7.2,0,19.4,329,5,4,5.5,0,18.2,322,0,28,5,0,14.5,293,0,2,Friday,No,41402,42723,3-Jan-20,36,2020-01-03 17:30:00+00:00
2020-01-03 18:00:00+00:00,12241,3119,6919,11429,1928,967,3988,2338,137,0,826,43892,196,49.9908,49.886,50.153,0.0732,0,0,1800,4.5,0,16.8,235,0,97,5,0,21.3,265,0,83,7.2,0,19.7,325,0,4,4.5,0,15.5,314,0,0,4.6,0,15.4,286,0,3,Friday,No,40851,42034,3-Jan-20,37,2020-01-03 18:00:00+00:00
2020-01-03 18:30:00+00:00,11721,3025,6923,11961,1947,947,3988,2337,118,0,432,43399,191,50.0053,49.876,50.148,0.0661,0,0,1800,4.5,0,16.8,235,0,97,5,0,21.3,265,0,83,7.2,0,19.7,325,0,4,4.5,0,15.5,314,0,0,4.6,0,15.4,286,0,3,Friday,No,40278,41446,3-Jan-20,38,2020-01-03 18:30:00+00:00
2020-01-03 19:00:00+00:00,10747,2952,6921,12109,1973,918,4074,2334,114,0,292,42434,186,49.9573,49.819,50.086,0.0697,0,0,1800,4.7,0,15.7,233,0,100,4.7,0,20.6,265,0,1,7.2,0,18.2,321,0,5,4.3,0,15.6,310,0,11,4.5,0,17.2,286,0,3,Friday,No,39468,40449,3-Jan-20,39,2020-01-03 19:00:00+00:00
2020-01-03 19:30:00+00:00,9900,2373,6927,12323,1999,830,4078,2336,86,0,278,41130,170,50.0034,49.9,50.116,0.0581,0,0,1800,4.7,0,15.7,233,0,100,4.7,0,20.6,265,0,1,7.2,0,18.2,321,0,5,4.3,0,15.6,310,0,11,4.5,0,17.2,286,0,3,Friday,No,38198,39073,3-Jan-20,40,2020-01-03 19:30:00+00:00
2020-01-03 20:00:00+00:00,8948,2009,6930,12356,2021,659,4074,2338,86,0,56,39477,159,49.9947,49.904,50.081,0.0488,0,0,1800,4.9,0,16.2,233,0,100,4.9,0,22,269,0,1,7.1,0,15.3,315,0,10,3.9,0,15.3,304,0,20,4.6,0,17.9,280,0,3,Friday,No,36679,37407,3-Jan-20,41,2020-01-03 20:00:00+00:00
2020-01-03 20:30:00+00:00,7715,1595,6926,12458,2038,546,4072,2339,94,0,10,37793,143,50.0162,49.852,50.156,0.0705,0,0,1800,4.9,0,16.2,233,0,100,4.9,0,22,269,0,1,7.1,0,15.3,315,0,10,3.9,0,15.3,304,0,20,4.6,0,17.9,280,0,3,Friday,No,35029,35720,3-Jan-20,42,2020-01-03 20:30:00+00:00
2020-01-03 21:00:00+00:00,7732,1334,6924,12393,2055,497,3369,2336,86,0,12,36738,139,49.9771,49.922,50.038,0.0222,0,0,1800,5.4,0,16.3,242,0,100,5,0,20.5,268,0,7,6.9,0,13,312,0,37,3.7,0,14.5,305,0,32,4.7,0,18.9,278,0,1,Friday,No,33325,34108,3-Jan-20,43,2020-01-03 21:00:00+00:00
2020-01-03 21:30:00+00:00,6212,1276,6901,12264,2081,493,2738,2337,86,0,0,34388,129,50.0156,49.94,50.134,0.0445,0,0,1800,5.4,0,16.3,242,0,100,5,0,20.5,268,0,7,6.9,0,13,312,0,37,3.7,0,14.5,305,0,32,4.7,0,18.9,278,0,1,Friday,No,31540,32252,3-Jan-20,44,2020-01-03 21:30:00+00:00
2020-01-03 22:00:00+00:00,5658,1272,6856,11948,2112,482,1914,2293,98,0,26,32659,127,49.9585,49.863,50.119,0.057,0,0,1800,5.5,0,15.8,249,0,100,5.2,0,20.4,262,0,6,7,0,10.2,302,0,24,3.7,0,13.7,300,0,11,4.3,0,18.4,272,0,0,Friday,No,29900,30513,3-Jan-20,45,2020-01-03 22:00:00+00:00
2020-01-03 22:30:00+00:00,4870,1274,6859,11939,2139,473,1832,1906,109,0,0,31401,120,50.0434,49.915,50.155,0.0685,0,0,1800,5.5,0,15.8,249,0,100,5.2,0,20.4,262,0,6,7,0,10.2,302,0,24,3.7,0,13.7,300,0,11,4.3,0,18.4,272,0,0,Friday,No,28547,29157,3-Jan-20,46,2020-01-03 22:30:00+00:00
2020-01-03 23:00:00+00:00,4736,1274,6857,11861,2149,446,1038,1890,121,0,0,30372,116,50.0228,49.902,50.166,0.0663,0,0,1800,5.1,0,13.8,237,0,72,5.2,0,21.1,262,0,92,6.1,0,7.2,288,0,3,3,0,11.9,284,0,0,4,0,16.6,270,0,6,Friday,No,26801,28178,3-Jan-20,47,2020-01-03 23:00:00+00:00
2020-01-03 23:30:00+00:00,4264,1277,6866,11799,2132,445,1020,1679,122,0,0,29604,112,50.0541,49.946,50.156,0.0524,0,0,1800,5.1,0,13.8,237,0,72,5.2,0,21.1,262,0,92,6.1,0,7.2,288,0,3,3,0,11.9,284,0,0,4,0,16.6,270,0,6,Friday,No,25719,27356,3-Jan-20,48,2020-01-03 23:30:00+00:00
2020-01-04 00:00:00+00:00,4396,1281,6856,11604,2119,432,807,1796,127,0,0,29418,112,49.9752,49.82,50.197,0.076,0,0,1800,5,0,15.6,230,0,65,5.7,0,22.8,254,0,65,6.6,0,11.2,266,0,32,2.8,0,11.3,279,0,65,4.5,0,17,265,0,92,Saturday,No,25196,27136,4-Jan-20,1,2020-01-04 00:00:00+00:00
2020-01-04 00:30:00+00:00,4332,1275,6860,11423,2136,422,896,2025,122,0,0,29491,113,49.9929,49.923,50.177,0.0431,0,0,1800,5,0,15.6,230,0,65,5.7,0,22.8,254,0,65,6.6,0,11.2,266,0,32,2.8,0,11.3,279,0,65,4.5,0,17,265,0,92,Saturday,No,25422,27364,4-Jan-20,2,2020-01-04 00:30:00+00:00
2020-01-04 01:00:00+00:00,4203,1275,6856,11487,2165,420,350,2240,125,0,0,29121,111,50.0205,49.836,50.156,0.0873,0,0,1800,5.1,0,14.6,232,0,71,5.5,0,23.7,250,0,15,7.1,0,13.3,273,0,85,2.5,0,9.8,276,0,100,5.3,0,19.1,266,0,86,Saturday,No,24856,26883,4-Jan-20,3,2020-01-04 01:00:00+00:00
2020-01-04 01:30:00+00:00,4039,1279,6859,11555,2182,420,196,1962,123,0,0,28615,109,50.0604,49.976,50.128,0.0348,0,0,1800,5.1,0,14.6,232,0,71,5.5,0,23.7,250,0,15,7.1,0,13.3,273,0,85,2.5,0,9.8,276,0,100,5.3,0,19.1,266,0,86,Saturday,No,23933,26200,4-Jan-20,4,2020-01-04 01:30:00+00:00
2020-01-04 02:00:00+00:00,4158,1232,6850,11225,2194,403,410,1841,123,0,0,28436,112,49.9782,49.917,50.077,0.0361,0,0,1800,5.3,0,14.6,230,0,66,6.1,0,22.4,251,0,100,7.4,0,16.3,288,0,94,3.7,0,13.7,275,0,99,4.4,0,17.1,252,0,50,Saturday,No,23183,25936,4-Jan-20,5,2020-01-04 02:00:00+00:00
2020-01-04 02:30:00+00:00,4216,997,6850,10937,2209,401,409,1982,127,0,0,28128,107,49.9416,49.865,50.031,0.0387,0,0,1800,5.3,0,14.6,230,0,66,6.1,0,22.4,251,0,100,7.4,0,16.3,288,0,94,3.7,0,13.7,275,0,99,4.4,0,17.1,252,0,50,Saturday,No,22654,25675,4-Jan-20,6,2020-01-04 02:30:00+00:00
2020-01-04 03:00:00+00:00,4443,1069,6848,10947,2216,400,81,2155,123,0,0,28282,108,49.9703,49.888,50.039,0.0336,0,0,1800,5.3,0,14.4,233,0,100,6.6,0,25,258,0,95,7.8,0,16.6,288,0,80,3,0,14.8,273,0,26,3.7,0,16.9,246,0,100,Saturday,No,22212,25763,4-Jan-20,7,2020-01-04 03:00:00+00:00
2020-01-04 03:30:00+00:00,4211,997,6851,10779,2201,400,150,2251,114,0,0,27955,104,49.9799,49.889,50.081,0.0569,0,0,1800,5.3,0,14.4,233,0,100,6.6,0,25,258,0,95,7.8,0,16.6,288,0,80,3,0,14.8,273,0,26,3.7,0,16.9,246,0,100,Saturday,No,21660,25424,4-Jan-20,8,2020-01-04 03:30:00+00:00
2020-01-04 04:00:00+00:00,4144,995,6847,10868,2175,397,92,2191,123,0,0,27832,103,50.0244,49.917,50.149,0.0752,0,0,1800,5.9,0.1,11.8,247,0,100,6.8,0,28.3,263,0,99,7.9,0,17.4,292,0,89,2.8,0,17.4,277,0,2,4.4,0,17.7,250,0,80,Saturday,No,21269,25453,4-Jan-20,9,2020-01-04 04:00:00+00:00
2020-01-04 04:30:00+00:00,3996,996,6852,11081,2151,415,163,1820,123,0,0,27597,101,50.0735,49.989,50.146,0.0337,0,0,1800,5.9,0.1,11.8,247,0,100,6.8,0,28.3,263,0,99,7.9,0,17.4,292,0,89,2.8,0,17.4,277,0,2,4.4,0,17.7,250,0,80,Saturday,No,21130,25181,4-Jan-20,10,2020-01-04 04:30:00+00:00
2020-01-04 05:00:00+00:00,3878,997,6851,11052,2126,454,442,1540,122,0,0,27462,101,50.0532,49.977,50.186,0.0444,0,0,1800,6.4,0.3,9,272,0,100,6.8,0,29,264,0,30,8.3,0,17.8,288,0,66,2.8,0,16.3,275,0,58,4.6,0,17.9,251,0,32,Saturday,No,21355,25028,4-Jan-20,11,2020-01-04 05:00:00+00:00
2020-01-04 05:30:00+00:00,3840,999,6848,10927,2093,469,618,1527,123,0,0,27444,102,50.0344,49.968,50.135,0.0325,0,0,1800,6.4,0.3,9,272,0,100,6.8,0,29,264,0,30,8.3,0,17.8,288,0,66,2.8,0,16.3,275,0,58,4.6,0,17.9,251,0,32,Saturday,No,21746,24972,4-Jan-20,12,2020-01-04 05:30:00+00:00
2020-01-04 06:00:00+00:00,3845,996,6854,10887,2053,479,1815,1498,125,0,0,28552,105,50.0306,49.936,50.182,0.0663,0,0,1800,6.7,0.4,8.9,313,0,100,6.6,0,28.5,268,0,74,8,0,16,279,0,70,2.9,0,16.2,266,0,38,4.6,0,16.9,258,0,60,Saturday,No,22964,25898,4-Jan-20,13,2020-01-04 06:00:00+00:00
2020-01-04 06:30:00+00:00,3955,1199,6852,10755,2007,484,1872,1771,125,0,0,29020,113,49.9918,49.872,50.082,0.0595,0,0,1800,6.7,0.4,8.9,313,0,100,6.6,0,28.5,268,0,74,8,0,16,279,0,70,2.9,0,16.2,266,0,38,4.6,0,16.9,258,0,60,Saturday,No,23887,26409,4-Jan-20,14,2020-01-04 06:30:00+00:00
2020-01-04 07:00:00+00:00,4230,1298,6856,10372,1960,522,2173,1717,126,0,0,29254,120,49.9807,49.876,50.145,0.0793,0,0,1800,6.4,0.5,10.5,356,0,100,6.5,0,25.6,268,0,80,8.1,0,16.2,283,0,86,2.9,0,16.6,266,0,42,4.7,0,17.3,269,0,55,Saturday,No,25456,26610,4-Jan-20,15,2020-01-04 07:00:00+00:00
2020-01-04 07:30:00+00:00,4762,1307,6858,10299,1919,527,2227,2149,123,0,0,30171,125,50.0493,49.956,50.195,0.0501,0,0,1800,6.4,0.5,10.5,356,0,100,6.5,0,25.6,268,0,80,8.1,0,16.2,283,0,86,2.9,0,16.6,266,0,42,4.7,0,17.3,269,0,55,Saturday,No,26653,27533,4-Jan-20,16,2020-01-04 07:30:00+00:00
2020-01-04 08:00:00+00:00,4880,1319,6856,10232,1878,594,1828,2294,124,3,0,30009,122,50.0081,49.913,50.212,0.0656,0,10,1800,5.5,0.2,11.9,357,0,100,6.8,0,26.3,268,0,4,8.2,0,16.2,283,0,94,3.1,0,16.2,269,0,1,4.5,0,17,266,0,52,Saturday,No,28102,28907,4-Jan-20,17,2020-01-04 08:00:00+00:00
2020-01-04 08:30:00+00:00,5610,1466,6857,10135,1834,796,2013,2299,123,173,0,31306,132,49.9973,49.839,50.084,0.0637,0,0,1800,5.5,0.2,11.9,357,0,100,6.8,0,26.3,268,0,4,8.2,0,16.2,283,0,94,3.1,0,16.2,269,0,1,4.5,0,17,266,0,52,Saturday,No,29478,30200,4-Jan-20,18,2020-01-04 08:30:00+00:00
2020-01-04 09:00:00+00:00,6139,1778,6780,9848,1794,829,2684,2300,137,500,6,32795,147,49.9257,49.854,49.986,0.0208,0,0,1800,5.1,0.2,7.7,349,0,100,6.7,0,26.7,273,9,16,8.2,0,14.6,279,6,86,3.7,0,16.6,269,28,6,4.8,0,17.4,264,17,5,Saturday,No,30911,31524,4-Jan-20,19,2020-01-04 09:00:00+00:00
2020-01-04 09:30:00+00:00,6898,2156,6647,9678,1771,830,2900,2301,124,679,0,33985,163,49.9614,49.878,50.053,0.0413,0,0,1800,5.1,0.2,7.7,349,0,100,6.7,0,26.7,273,9,16,8.2,0,14.6,279,6,86,3.7,0,16.6,269,28,6,4.8,0,17.4,264,17,5,Saturday,No,31797,32406,4-Jan-20,20,2020-01-04 09:30:00+00:00
2020-01-04 10:00:00+00:00,7690,2360,6629,9398,1766,832,3217,2299,123,981,0,35295,172,49.9546,49.878,50.08,0.0467,0,0,1800,4.9,0.1,2.9,330,5,100,7.3,0,26.5,277,71,29,8.8,0,16.2,271,64,85,5.1,0,17.3,272,116,1,6.1,0,18,269,95,15,Saturday,No,32400,33129,4-Jan-20,21,2020-01-04 10:00:00+00:00
2020-01-04 10:30:00+00:00,7800,2610,6637,9438,1769,815,3326,2304,121,1391,0,36212,176,50.0196,49.961,50.077,0.026,0,0,1800,4.9,0.1,2.9,330,5,100,7.3,0,26.5,277,71,29,8.8,0,16.2,271,64,85,5.1,0,17.3,272,116,1,6.1,0,18,269,95,15,Saturday,No,32626,33517,4-Jan-20,22,2020-01-04 10:30:00+00:00
2020-01-04 11:00:00+00:00,7866,2490,6673,9471,1778,775,3512,2308,122,1943,0,36938,170,50.0511,49.986,50.113,0.0255,0,0,1800,5,0.2,3.3,347,16,100,8,0,25.5,279,128,42,9.2,0,18.8,274,128,60,6.3,0,17.7,276,195,2,7.2,0,16.4,261,158,46,Saturday,No,32772,33702,4-Jan-20,23,2020-01-04 11:00:00+00:00
2020-01-04 11:30:00+00:00,7739,2607,6759,9375,1790,708,3618,2322,124,2282,0,37324,170,50.0531,49.958,50.134,0.0393,0,0,1800,5,0.2,3.3,347,16,100,8,0,25.5,279,128,42,9.2,0,18.8,274,128,60,6.3,0,17.7,276,195,2,7.2,0,16.4,261,158,46,Saturday,No,32701,33640,4-Jan-20,24,2020-01-04 11:30:00+00:00
2020-01-04 12:00:00+00:00,7784,2570,6757,9253,1793,651,3651,2329,128,2621,0,37537,169,49.9369,49.861,50.054,0.035,0,0,1800,5.5,0.3,2.2,171,19,100,8.6,0,25,277,135,34,8.9,0,18.4,274,177,73,7.4,0,17.7,276,235,4,8.2,0,20.3,258,175,42,Saturday,No,32546,33455,4-Jan-20,25,2020-01-04 12:00:00+00:00
2020-01-04 12:30:00+00:00,7969,2571,6755,9043,1782,650,3755,2322,126,2428,0,37401,171,49.9368,49.894,49.988,0.0218,0,0,1800,5.5,0.3,2.2,171,19,100,8.6,0,25,277,135,34,8.9,0,18.4,274,177,73,7.4,0,17.7,276,235,4,8.2,0,20.3,258,175,42,Saturday,No,32501,33427,4-Jan-20,26,2020-01-04 12:30:00+00:00
2020-01-04 13:00:00+00:00,8153,2481,6715,8886,1764,653,3845,2312,126,2213,0,37148,172,49.9307,49.858,50.045,0.0385,0,0,1800,6,0.1,3.8,139,22,100,8.9,0,25.6,280,179,4,8.8,0,18.1,277,104,99,7.8,0,17.1,278,242,2,8.2,0,21.3,258,184,34,Saturday,No,32506,33332,4-Jan-20,27,2020-01-04 13:00:00+00:00
2020-01-04 13:30:00+00:00,8283,2368,6615,8867,1744,668,3950,2323,126,1618,0,36562,174,49.9126,49.855,49.954,0.0205,0,0,1800,6,0.1,3.8,139,22,100,8.9,0,25.6,280,179,4,8.8,0,18.1,277,104,99,7.8,0,17.1,278,242,2,8.2,0,21.3,258,184,34,Saturday,No,32501,33259,4-Jan-20,28,2020-01-04 13:30:00+00:00
2020-01-04 14:00:00+00:00,8706,2445,6615,8356,1717,669,3934,2307,146,1080,44,36019,183,49.9197,49.803,50.055,0.052,0,0,1800,6.2,0,8.2,139,21,98,8.8,0,23.8,285,151,1,8.5,0.3,19.7,279,106,97,7.7,0,15.2,275,198,4,8,0,19.7,261,156,17,Saturday,No,32647,33298,4-Jan-20,29,2020-01-04 14:00:00+00:00
2020-01-04 14:30:00+00:00,9322,2621,6619,7996,1679,667,3932,2301,144,553,36,35870,195,49.9331,49.847,50.038,0.041,0,0,1800,6.2,0,8.2,139,21,98,8.8,0,23.8,285,151,1,8.5,0.3,19.7,279,106,97,7.7,0,15.2,275,198,4,8,0,19.7,261,156,17,Saturday,No,33019,33697,4-Jan-20,30,2020-01-04 14:30:00+00:00
2020-01-04 15:00:00+00:00,10427,2678,6666,7314,1631,677,3776,2306,159,253,200,36087,207,49.9443,49.823,50.062,0.0598,0,0,1800,6.4,0,11.9,145,22,99,8.1,0,18.8,282,87,24,8.6,0.1,15.8,271,91,61,7,0,12,277,120,1,7.6,0,16.3,265,94,43,Saturday,No,33477,34308,4-Jan-20,31,2020-01-04 15:00:00+00:00
2020-01-04 15:30:00+00:00,11620,2671,6800,6741,1576,872,3774,2338,139,50,80,36661,216,49.9598,49.886,50.049,0.0324,0,0,1800,6.4,0,11.9,145,22,99,8.1,0,18.8,282,87,24,8.6,0.1,15.8,271,91,61,7,0,12,277,120,1,7.6,0,16.3,265,94,43,Saturday,No,34278,35151,4-Jan-20,32,2020-01-04 15:30:00+00:00
2020-01-04 16:00:00+00:00,12467,2745,6853,6451,1528,951,3962,2338,151,0,594,38040,220,49.9815,49.812,50.157,0.072,0,0,1800,6.6,0,11.5,160,2,59,7,0,14,271,16,53,8.1,0,14.2,263,47,87,4.9,0,9.1,279,32,1,6.7,0,12.7,262,20,69,Saturday,No,35896,36683,4-Jan-20,33,2020-01-04 16:00:00+00:00
2020-01-04 16:30:00+00:00,13555,2788,6857,6303,1499,965,3964,2341,189,0,1490,39951,223,50.0344,49.893,50.147,0.0631,0,0,1800,6.6,0,11.5,160,2,59,7,0,14,271,16,53,8.1,0,14.2,263,47,87,4.9,0,9.1,279,32,1,6.7,0,12.7,262,20,69,Saturday,No,37748,38524,4-Jan-20,34,2020-01-04 16:30:00+00:00
2020-01-04 17:00:00+00:00,14095,2800,6856,6338,1478,998,4020,2337,156,0,1548,40626,226,49.9637,49.878,50.173,0.062,0,0,1800,6.6,0,10.6,198,0,71,6.5,0,13.6,259,0,75,8.1,0,12.8,260,3,88,4.1,0,10.7,282,0,1,6.2,0,11.2,255,0,96,Saturday,No,38501,39228,4-Jan-20,35,2020-01-04 17:00:00+00:00
2020-01-04 17:30:00+00:00,14372,2790,6856,6279,1456,996,4020,2329,209,0,1524,40831,227,50.0508,49.933,50.161,0.0589,0,0,1800,6.6,0,10.6,198,0,71,6.5,0,13.6,259,0,75,8.1,0,12.8,260,3,88,4.1,0,10.7,282,0,1,6.2,0,11.2,255,0,96,Saturday,No,38644,39414,4-Jan-20,36,2020-01-04 17:30:00+00:00
2020-01-04 18:00:00+00:00,14357,2463,6857,6329,1442,985,4076,2304,201,0,1488,40502,221,50.0254,49.851,50.198,0.0878,0,0,1800,6.6,0,15.4,217,0,100,6.3,0,15,246,0,82,8.1,0,12.3,255,0,70,3.8,0,11,281,0,33,6.5,0,12.1,253,0,99,Saturday,No,38358,39071,4-Jan-20,37,2020-01-04 18:00:00+00:00
2020-01-04 18:30:00+00:00,14076,2376,6853,6058,1448,977,4078,2024,122,0,1852,39864,217,49.9962,49.888,50.116,0.0563,0,0,1800,6.6,0,15.4,217,0,100,6.3,0,15,246,0,82,8.1,0,12.3,255,0,70,3.8,0,11,281,0,33,6.5,0,12.1,253,0,99,Saturday,No,37684,38415,4-Jan-20,38,2020-01-04 18:30:00+00:00
2020-01-04 19:00:00+00:00,13647,2680,6853,6094,1465,959,4076,1680,98,0,1476,39028,223,50.0138,49.823,50.143,0.0796,0,0,1800,7,0,18.3,216,0,100,6,0,16.6,248,0,83,7.4,0,9.5,245,0,42,3.4,0,10,285,0,11,6.8,0,13.6,258,0,93,Saturday,No,36936,37590,4-Jan-20,39,2020-01-04 19:00:00+00:00
2020-01-04 19:30:00+00:00,13461,2663,6864,6373,1481,932,4076,1682,91,0,514,38137,226,50.0915,50.009,50.16,0.0356,0,0,1800,7,0,18.3,216,0,100,6,0,16.6,248,0,83,7.4,0,9.5,245,0,42,3.4,0,10,285,0,11,6.8,0,13.6,258,0,93,Saturday,No,35980,36635,4-Jan-20,40,2020-01-04 19:30:00+00:00
2020-01-04 20:00:00+00:00,12708,2365,6851,6381,1496,782,4194,1688,95,0,282,36842,219,49.9773,49.893,50.114,0.0478,0,0,1800,7,0,18.8,209,0,90,5.9,0,16.6,252,0,14,7.3,0,10.8,233,0,47,2.9,0,9.4,288,0,9,6.3,0,12.4,262,0,99,Saturday,No,34754,35370,4-Jan-20,41,2020-01-04 20:00:00+00:00
2020-01-04 20:30:00+00:00,11936,2079,6857,6553,1513,603,4348,1687,93,0,66,35735,211,50.0455,49.957,50.148,0.0454,0,0,1800,7,0,18.8,209,0,90,5.9,0,16.6,252,0,14,7.3,0,10.8,233,0,47,2.9,0,9.4,288,0,9,6.3,0,12.4,262,0,99,Saturday,No,33613,34228,4-Jan-20,42,2020-01-04 20:30:00+00:00
2020-01-04 21:00:00+00:00,10999,1845,6856,6740,1530,550,4216,1688,90,0,0,34514,200,50.0123,49.88,50.169,0.0821,0,0,1800,7,0,21.6,206,0,99,5.5,0,16.3,248,0,3,7.4,0,11.5,231,0,80,2.4,0,8.9,291,0,88,5.3,0,10,255,0,91,Saturday,No,32340,32954,4-Jan-20,43,2020-01-04 21:00:00+00:00
2020-01-04 21:30:00+00:00,9037,1581,6860,7257,1547,550,4274,1690,88,0,0,32884,179,50.0855,50.009,50.172,0.0339,0,0,1800,7,0,21.6,206,0,99,5.5,0,16.3,248,0,3,7.4,0,11.5,231,0,80,2.4,0,8.9,291,0,88,5.3,0,10,255,0,91,Saturday,No,30787,31401,4-Jan-20,44,2020-01-04 21:30:00+00:00
2020-01-04 22:00:00+00:00,8064,1223,6860,7531,1567,562,3846,1696,95,0,0,31444,161,50.0797,49.985,50.173,0.0444,0,0,1800,7.4,0,21.4,205,0,98,4.9,0,14.5,240,0,33,7.8,0,11.8,230,0,74,2.2,0,9,293,0,94,4.3,0,9.7,243,0,71,Saturday,No,29194,29807,4-Jan-20,45,2020-01-04 22:00:00+00:00
2020-01-04 22:30:00+00:00,6812,1027,6787,7503,1589,756,3806,1693,125,0,0,30098,146,49.9708,49.884,50.087,0.0528,0,0,1800,7.4,0,21.4,205,0,98,4.9,0,14.5,240,0,33,7.8,0,11.8,230,0,74,2.2,0,9,293,0,94,4.3,0,9.7,243,0,71,Saturday,No,27809,28423,4-Jan-20,46,2020-01-04 22:30:00+00:00
2020-01-04 23:00:00+00:00,5744,1100,6643,7757,1597,616,3268,1700,124,0,0,28549,142,50.0251,49.877,50.12,0.0595,0,0,1800,7.5,0,22.1,202,0,37,4.3,0,12.5,226,0,76,7.7,0,12.7,223,0,99,1.8,0,7.4,284,0,89,3.8,0,10.2,238,0,6,Saturday,No,26382,26996,4-Jan-20,47,2020-01-04 23:00:00+00:00
2020-01-04 23:30:00+00:00,4902,1030,6638,8145,1579,520,3066,1681,123,0,0,27684,130,50.1204,50.053,50.207,0.0354,0,9,1800,7.5,0,22.1,202,0,37,4.3,0,12.5,226,0,76,7.7,0,12.7,223,0,99,1.8,0,7.4,284,0,89,3.8,0,10.2,238,0,6,Saturday,No,25407,26017,4-Jan-20,48,2020-01-04 23:30:00+00:00
2020-01-05 00:00:00+00:00,4837,1022,6628,8129,1561,504,2716,1682,126,0,16,27221,126,50.0293,49.834,50.123,0.0652,0,0,1800,7.8,0,23.8,198,0,100,5.1,0,14.1,218,0,91,7.9,0,13.8,227,0,79,2.7,0,6.5,270,0,53,3.6,0,12.2,236,0,10,Sunday,No,25028,25639,5-Jan-20,1,2020-01-05 00:00:00+00:00
2020-01-05 00:30:00+00:00,5065,1025,6679,7928,1567,503,2780,1685,123,0,6,27361,130,49.9716,49.879,50.114,0.0319,0,0,1800,7.8,0,23.8,198,0,100,5.1,0,14.1,218,0,91,7.9,0,13.8,227,0,79,2.7,0,6.5,270,0,53,3.6,0,12.2,236,0,10,Sunday,No,25205,25820,5-Jan-20,2,2020-01-05 00:30:00+00:00
2020-01-05 01:00:00+00:00,5350,1154,6744,7684,1587,502,2372,1682,126,0,8,27209,134,49.9712,49.81,50.037,0.0525,0,0,1800,7.7,0,23.7,200,0,99,4.9,0,13.3,218,0,90,8.1,0,12.8,230,0,97,4,0,7.8,248,0,95,3.9,0,12.4,234,0,50,Sunday,No,24654,25623,5-Jan-20,3,2020-01-05 01:00:00+00:00
2020-01-05 01:30:00+00:00,5069,1068,6750,7567,1604,502,2394,1682,128,0,0,26764,129,49.9673,49.883,50.095,0.0563,0,0,1800,7.7,0,23.7,200,0,99,4.9,0,13.3,218,0,90,8.1,0,12.8,230,0,97,4,0,7.8,248,0,95,3.9,0,12.4,234,0,50,Sunday,No,23828,25157,5-Jan-20,4,2020-01-05 01:30:00+00:00
2020-01-05 02:00:00+00:00,5418,1041,6755,7498,1623,483,1832,1680,123,0,0,26453,132,49.9383,49.858,50.032,0.0433,0,0,1800,7.7,0,21.8,196,0,100,4.7,0,13.4,216,0,79,7.9,0,14.3,225,0,100,4.1,0,7.1,246,0,59,4.1,0,11.7,236,0,46,Sunday,No,23101,24789,5-Jan-20,5,2020-01-05 02:00:00+00:00
2020-01-05 02:30:00+00:00,5036,1105,6679,7390,1649,483,1832,1682,125,0,0,25981,131,49.9335,49.876,49.981,0.0232,0,0,1800,7.7,0,21.8,196,0,100,4.7,0,13.4,216,0,79,7.9,0,14.3,225,0,100,4.1,0,7.1,246,0,59,4.1,0,11.7,236,0,46,Sunday,No,22619,24318,5-Jan-20,6,2020-01-05 02:30:00+00:00
2020-01-05 03:00:00+00:00,5045,1038,6634,7722,1675,500,800,1662,124,0,0,25200,131,50.0794,49.929,50.144,0.0498,0,0,1800,7.6,0,19,199,0,100,4.1,0,13.8,213,0,46,7.9,0,13.6,217,0,100,3.9,0,6.8,252,0,57,4,0,12.8,232,0,44,Sunday,No,22266,23508,5-Jan-20,7,2020-01-05 03:00:00+00:00
2020-01-05 03:30:00+00:00,4587,1023,6635,7951,1695,501,736,1665,124,0,0,24917,125,50.0818,50.024,50.15,0.0288,0,0,1800,7.6,0,19,199,0,100,4.1,0,13.8,213,0,46,7.9,0,13.6,217,0,100,3.9,0,6.8,252,0,57,4,0,12.8,232,0,44,Sunday,No,21838,23197,5-Jan-20,8,2020-01-05 03:30:00+00:00
2020-01-05 04:00:00+00:00,4927,1030,6629,7964,1711,519,636,1681,127,0,0,25224,129,50.0078,49.885,50.083,0.0524,0,0,1800,7.4,0,15.3,210,0,100,3.8,0,13.9,211,0,34,8.2,0,16.8,223,0,100,3.3,0,7.3,259,0,34,4,0,13.5,228,0,50,Sunday,No,21285,23494,5-Jan-20,9,2020-01-05 04:00:00+00:00
2020-01-05 04:30:00+00:00,5031,1039,6683,7881,1724,542,636,1684,126,0,0,25346,130,49.949,49.845,50.054,0.047,0,0,1800,7.4,0,15.3,210,0,100,3.8,0,13.9,211,0,34,8.2,0,16.8,223,0,100,3.3,0,7.3,259,0,34,4,0,13.5,228,0,50,Sunday,No,21039,23627,5-Jan-20,10,2020-01-05 04:30:00+00:00
2020-01-05 05:00:00+00:00,4938,1044,6801,7770,1740,549,636,1697,130,0,0,25305,129,49.9377,49.83,50.012,0.0369,0,0,1800,6.9,0,11.2,201,0,94,3.9,0,15.2,211,0,34,8.3,0,17.1,221,0,100,3.2,0,7.1,255,0,51,4,0,13.6,230,0,48,Sunday,No,21034,23578,5-Jan-20,11,2020-01-05 05:00:00+00:00
2020-01-05 05:30:00+00:00,5054,1067,6853,7755,1760,530,636,1702,123,0,0,25480,131,49.9637,49.921,50.009,0.0184,0,0,1800,6.9,0,11.2,201,0,94,3.9,0,15.2,211,0,34,8.3,0,17.1,221,0,100,3.2,0,7.1,255,0,51,4,0,13.6,230,0,48,Sunday,No,21205,23739,5-Jan-20,12,2020-01-05 05:30:00+00:00
2020-01-05 06:00:00+00:00,5520,1145,6844,7791,1778,536,636,1708,124,0,0,26082,138,49.9649,49.869,50.093,0.0717,0,0,1800,6.7,0,12.2,199,0,100,4.1,0,16.6,214,0,70,8.4,0,16.7,217,0,100,3.4,0,6.9,242,0,99,3.9,0,12.8,230,0,38,Sunday,No,21973,24328,5-Jan-20,13,2020-01-05 06:00:00+00:00
2020-01-05 06:30:00+00:00,5539,1145,6855,8444,1790,546,636,1696,133,0,0,26784,134,50.0406,49.957,50.087,0.0352,0,0,1800,6.7,0,12.2,199,0,100,4.1,0,16.6,214,0,70,8.4,0,16.7,217,0,100,3.4,0,6.9,242,0,99,3.9,0,12.8,230,0,38,Sunday,No,22581,24975,5-Jan-20,14,2020-01-05 06:30:00+00:00
2020-01-05 07:00:00+00:00,5201,1340,6855,8763,1800,548,636,1901,125,0,0,27169,135,50.0237,49.954,50.083,0.0249,0,0,1800,6.2,0,14.2,207,0,99,4.4,0,17.8,216,0,66,8.3,0,15.8,215,0,98,4.2,0,8,243,0,89,4.3,0,14.3,225,0,18,Sunday,No,23538,25415,5-Jan-20,15,2020-01-05 07:00:00+00:00
2020-01-05 07:30:00+00:00,4875,1703,6858,9102,1816,562,636,2220,122,0,0,27894,141,50.0773,49.934,50.187,0.0582,0,0,1800,6.2,0,14.2,207,0,99,4.4,0,17.8,216,0,66,8.3,0,15.8,215,0,98,4.2,0,8,243,0,89,4.3,0,14.3,225,0,18,Sunday,No,24243,26107,5-Jan-20,16,2020-01-05 07:30:00+00:00
2020-01-05 08:00:00+00:00,4652,1899,6848,9285,1835,606,1430,2379,128,0,0,29062,140,49.9667,49.9,50.059,0.0346,0,0,1800,6,0,16.9,196,0,99,4.4,0,18.3,216,0,31,8.3,0,17.4,214,0,77,4.7,0,9.7,248,0,96,4.8,0,14.6,232,0,24,Sunday,No,25412,27290,5-Jan-20,17,2020-01-05 08:00:00+00:00
2020-01-05 08:30:00+00:00,4725,2357,6853,9684,1852,606,1476,2400,124,47,0,30124,151,49.9961,49.874,50.077,0.0524,0,0,1800,6,0,16.9,196,0,99,4.4,0,18.3,216,0,31,8.3,0,17.4,214,0,77,4.7,0,9.7,248,0,96,4.8,0,14.6,232,0,24,Sunday,No,26902,28312,5-Jan-20,18,2020-01-05 08:30:00+00:00
2020-01-05 09:00:00+00:00,4511,2484,6852,10022,1863,605,2562,2410,123,225,0,31657,147,50.028,49.928,50.113,0.0421,0,0,1800,6.2,0,18.4,191,0,97,5.1,0,21.3,219,9,3,8.4,0,17.1,215,6,63,5.4,0,10.4,236,15,71,5.5,0,14.6,232,17,32,Sunday,No,28565,29528,5-Jan-20,19,2020-01-05 09:00:00+00:00
2020-01-05 09:30:00+00:00,5428,2608,6845,10014,1867,606,2592,2412,128,488,0,32988,155,49.9454,49.903,50,0.0179,0,0,1800,6.2,0,18.4,191,0,97,5.1,0,21.3,219,9,3,8.4,0,17.1,215,6,63,5.4,0,10.4,236,15,71,5.5,0,14.6,232,17,32,Sunday,No,29735,30687,5-Jan-20,20,2020-01-05 09:30:00+00:00
2020-01-05 10:00:00+00:00,5323,2648,6850,10234,1881,606,3302,2409,124,710,0,34087,156,49.9634,49.841,50.048,0.047,0,0,1800,6.9,0,19.4,191,28,90,6.3,0,21.9,221,76,18,8.8,0,17,216,64,80,6.2,0,10,232,66,69,6.6,0,16.1,231,85,42,Sunday,No,30908,31520,5-Jan-20,21,2020-01-05 10:00:00+00:00
2020-01-05 10:30:00+00:00,5703,2656,6850,10295,1919,695,3372,2409,136,868,8,34911,158,50.0469,49.93,50.108,0.0342,0,0,1800,6.9,0,19.4,191,28,90,6.3,0,21.9,221,76,18,8.8,0,17,216,64,80,6.2,0,10,232,66,69,6.6,0,16.1,231,85,42,Sunday,No,31545,32154,5-Jan-20,22,2020-01-05 10:30:00+00:00
2020-01-05 11:00:00+00:00,6243,2569,6850,10501,1969,731,3314,2404,122,929,0,35632,156,50.0254,49.937,50.178,0.0609,0,0,1800,7.6,0,18.9,188,78,99,7.5,0,22,218,127,94,9.2,0,18.2,218,124,68,7.3,0,9.8,234,129,60,7.5,0,15.5,226,151,27,Sunday,No,32124,32734,5-Jan-20,23,2020-01-05 11:00:00+00:00
2020-01-05 11:30:00+00:00,6467,2507,6795,10892,2013,791,3322,2406,130,993,0,36316,154,49.9782,49.875,50.099,0.064,0,0,1800,7.6,0,18.9,188,78,99,7.5,0,22,218,127,94,9.2,0,18.2,218,124,68,7.3,0,9.8,234,129,60,7.5,0,15.5,226,151,27,Sunday,No,32738,33347,5-Jan-20,24,2020-01-05 11:30:00+00:00
2020-01-05 12:00:00+00:00,7034,2476,6642,10895,2043,698,3620,2405,128,967,0,36908,161,49.936,49.869,50.034,0.0335,0,0,1800,8.6,0,12.3,185,110,100,8.5,0,19.2,218,122,100,8.7,0,21,218,164,83,7.4,0,10.9,226,167,41,8.3,0,21.8,232,188,45,Sunday,No,33344,33953,5-Jan-20,25,2020-01-05 12:00:00+00:00
2020-01-05 12:30:00+00:00,7488,2540,6637,10790,2052,669,3642,2405,122,793,0,37138,166,50.0381,49.866,50.138,0.0599,0,0,1800,8.6,0,12.3,185,110,100,8.5,0,19.2,218,122,100,8.7,0,21,218,164,83,7.4,0,10.9,226,167,41,8.3,0,21.8,232,188,45,Sunday,No,33675,34284,5-Jan-20,26,2020-01-05 12:30:00+00:00
2020-01-05 13:00:00+00:00,7810,2567,6634,10536,2045,676,3396,2348,143,648,16,36819,170,49.9206,49.842,50.023,0.0421,0,0,1800,9.2,0,15.5,226,92,100,9,0,20,218,92,100,8.9,0,19.6,212,128,89,7.6,0,11.5,224,119,100,8.5,0,18.6,224,108,44,Sunday,No,33570,34179,5-Jan-20,27,2020-01-05 13:00:00+00:00
2020-01-05 13:30:00+00:00,8367,2562,6643,10247,2025,674,3372,2346,123,554,0,36913,175,49.9612,49.799,50.044,0.0607,0,2,1800,9.2,0,15.5,226,92,100,9,0,20,218,92,100,8.9,0,19.6,212,128,89,7.6,0,11.5,224,119,100,8.5,0,18.6,224,108,44,Sunday,No,33729,34338,5-Jan-20,28,2020-01-05 13:30:00+00:00
2020-01-05 14:00:00+00:00,8308,2525,6644,10088,2003,574,3956,2345,131,517,46,37137,176,50.0034,49.917,50.085,0.0422,0,0,1800,9.1,0,17.9,230,57,100,9,0,20.7,219,54,100,8.9,0,18.5,217,134,92,7.6,0,11.8,220,63,99,8.4,0,19.4,230,104,89,Sunday,No,34037,34646,5-Jan-20,29,2020-01-05 14:00:00+00:00
2020-01-05 14:30:00+00:00,8483,2492,6716,10150,1987,591,3906,2346,124,432,0,37227,176,49.9344,49.846,49.983,0.026,0,0,1800,9.1,0,17.9,230,57,100,9,0,20.7,219,54,100,8.9,0,18.5,217,134,92,7.6,0,11.8,220,63,99,8.4,0,19.4,230,104,89,Sunday,No,34261,34870,5-Jan-20,30,2020-01-05 14:30:00+00:00
2020-01-05 15:00:00+00:00,8728,2490,6758,10163,1969,602,4120,2406,126,185,56,37603,179,50.0038,49.895,50.082,0.0525,0,0,1800,8.9,0,17.6,224,36,100,8.9,0,19.5,218,33,82,8.7,0,16,216,97,100,7.6,0,12.5,229,43,100,8.1,0,17.6,229,70,56,Sunday,No,34866,35474,5-Jan-20,31,2020-01-05 15:00:00+00:00
2020-01-05 15:30:00+00:00,9489,2567,6757,9964,1943,608,4186,2409,125,25,32,38105,186,49.9976,49.895,50.085,0.0443,0,0,1800,8.9,0,17.6,224,36,100,8.9,0,19.5,218,33,82,8.7,0,16,216,97,100,7.6,0,12.5,229,43,100,8.1,0,17.6,229,70,56,Sunday,No,35620,36230,5-Jan-20,32,2020-01-05 15:30:00+00:00
2020-01-05 16:00:00+00:00,10065,2542,6698,10137,1920,856,4326,2406,136,0,556,39642,185,49.9768,49.842,50.081,0.0635,0,0,1800,8.7,0,20.9,224,5,100,8.2,0,18.8,216,12,100,8.4,0,15.6,203,27,100,7.1,0,12.3,220,12,100,7.2,0,16.3,225,19,46,Sunday,No,37246,37857,5-Jan-20,33,2020-01-05 16:00:00+00:00
2020-01-05 16:30:00+00:00,11254,2589,6634,9811,1912,957,4412,2390,152,0,1128,41239,191,49.9194,49.853,50.007,0.0335,0,0,1800,8.7,0,20.9,224,5,100,8.2,0,18.8,216,12,100,8.4,0,15.6,203,27,100,7.1,0,12.3,220,12,100,7.2,0,16.3,225,19,46,Sunday,No,38849,39458,5-Jan-20,34,2020-01-05 16:30:00+00:00
2020-01-05 17:00:00+00:00,12258,2557,6635,9632,1916,964,4204,2413,174,0,1364,42117,194,49.9676,49.886,50.14,0.0554,0,0,1800,8.8,0,23.2,224,0,100,8.6,0,20.5,218,0,95,8.2,0,14.9,200,2,100,6.6,0,12.3,220,0,88,6.7,0,16.1,220,0,63,Sunday,No,39634,40240,5-Jan-20,35,2020-01-05 17:00:00+00:00
2020-01-05 17:30:00+00:00,12194,2478,6639,9723,1926,963,4164,2418,162,0,1112,41779,193,50.0556,49.886,50.223,0.0734,0,13,1800,8.8,0,23.2,224,0,100,8.6,0,20.5,218,0,95,8.2,0,14.9,200,2,100,6.6,0,12.3,220,0,88,6.7,0,16.1,220,0,63,Sunday,No,39221,39829,5-Jan-20,36,2020-01-05 17:30:00+00:00
2020-01-05 18:00:00+00:00,11455,2609,6731,9907,1941,964,4016,2423,129,0,1078,41253,191,50.0523,49.874,50.209,0.0728,0,7,1800,8.9,0,24.2,226,0,100,8.3,0,21.2,220,0,65,8.3,0,18.1,187,0,100,6.2,0,12.7,223,0,51,6.6,0,15.8,215,0,67,Sunday,No,38677,39285,5-Jan-20,37,2020-01-05 18:00:00+00:00
2020-01-05 18:30:00+00:00,10646,2510,6840,10222,1959,964,4014,2422,129,0,614,40320,185,50.0682,49.954,50.165,0.0464,0,0,1800,8.9,0,24.2,226,0,100,8.3,0,21.2,220,0,65,8.3,0,18.1,187,0,100,6.2,0,12.7,223,0,51,6.6,0,15.8,215,0,67,Sunday,No,37729,38338,5-Jan-20,38,2020-01-05 18:30:00+00:00
2020-01-05 19:00:00+00:00,9550,2237,6847,10704,1981,844,4210,2441,130,0,560,39504,172,50.0541,49.933,50.151,0.0432,0,0,1800,8.9,0,22.3,218,0,100,7.5,0,18.7,218,0,46,8.3,0,18.9,188,0,99,5.8,0,12.5,226,0,45,6.6,0,15.8,215,0,68,Sunday,No,36857,37464,5-Jan-20,39,2020-01-05 19:00:00+00:00
2020-01-05 19:30:00+00:00,8322,2014,6844,11038,2003,723,4244,2437,124,0,378,38127,160,50.0385,49.93,50.11,0.0377,0,0,1800,8.9,0,22.3,218,0,100,7.5,0,18.7,218,0,46,8.3,0,18.9,188,0,99,5.8,0,12.5,226,0,45,6.6,0,15.8,215,0,68,Sunday,No,35480,36089,5-Jan-20,40,2020-01-05 19:30:00+00:00
2020-01-05 20:00:00+00:00,7750,2017,6843,10981,2019,562,4162,2440,126,0,98,36998,158,49.9819,49.86,50.134,0.0636,0,0,1800,9,0,20.7,215,0,99,6.9,0,18,217,0,20,8.1,0,21.1,188,0,95,5.2,0,10.2,219,0,44,6.2,0,14.3,214,0,65,Sunday,No,34329,34947,5-Jan-20,41,2020-01-05 20:00:00+00:00
2020-01-05 20:30:00+00:00,6573,2012,6849,11005,2024,548,4206,2420,123,0,0,35760,150,50.0591,49.916,50.208,0.0702,0,43,1800,9,0,20.7,215,0,99,6.9,0,18,217,0,20,8.1,0,21.1,188,0,95,5.2,0,10.2,219,0,44,6.2,0,14.3,214,0,65,Sunday,No,32794,33665,5-Jan-20,42,2020-01-05 20:30:00+00:00
2020-01-05 21:00:00+00:00,5161,1999,6843,11150,2022,536,3836,2435,128,0,0,34110,140,49.971,49.819,50.149,0.0766,0,0,1800,9.3,0,21.2,222,0,100,6.6,0,18.2,214,0,38,8.1,0,22.8,185,0,100,5.1,0,9.4,223,0,40,5.8,0,13.6,212,0,60,Sunday,No,31418,32120,5-Jan-20,43,2020-01-05 21:00:00+00:00
2020-01-05 21:30:00+00:00,4362,1684,6845,10964,2024,535,3832,2299,126,0,0,32671,126,50.0358,49.907,50.128,0.0625,0,0,1800,9.3,0,21.2,222,0,100,6.6,0,18.2,214,0,38,8.1,0,22.8,185,0,100,5.1,0,9.4,223,0,40,5.8,0,13.6,212,0,60,Sunday,No,29779,30426,5-Jan-20,44,2020-01-05 21:30:00+00:00
2020-01-05 22:00:00+00:00,4453,1626,6844,10796,2034,536,2398,1993,167,0,0,30847,128,49.9251,49.852,49.988,0.0262,0,0,1800,9.4,0,26.3,229,0,73,6.3,0,18.9,211,0,37,8.4,0,23.4,190,0,100,4.9,0,8.4,230,0,44,5.5,0,14.3,208,0,58,Sunday,No,27933,28561,5-Jan-20,45,2020-01-05 22:00:00+00:00
2020-01-05 22:30:00+00:00,3663,1438,6842,10708,2055,536,2334,1928,125,0,0,29629,116,50.0174,49.901,50.152,0.0489,0,0,1800,9.4,0,26.3,229,0,73,6.3,0,18.9,211,0,37,8.4,0,23.4,190,0,100,4.9,0,8.4,230,0,44,5.5,0,14.3,208,0,58,Sunday,No,26440,27119,5-Jan-20,46,2020-01-05 22:30:00+00:00
2020-01-05 23:00:00+00:00,4213,1310,6843,10124,2059,549,586,1794,160,0,32,27670,117,49.9457,49.774,50.091,0.0787,0,83,1800,9.2,0,28,228,0,3,6.1,0,19.9,212,0,29,8.3,0,25.3,186,0,100,4.8,0,8.5,216,0,69,5.3,0,15,204,0,39,Sunday,No,24442,25679,5-Jan-20,47,2020-01-05 23:00:00+00:00
2020-01-05 23:30:00+00:00,4185,1060,6854,9990,2029,534,586,1795,127,0,0,27160,110,49.9998,49.916,50.102,0.0395,0,0,1800,9.2,0,28,228,0,3,6.1,0,19.9,212,0,29,8.3,0,25.3,186,0,100,4.8,0,8.5,216,0,69,5.3,0,15,204,0,39,Sunday,No,23429,24802,5-Jan-20,48,2020-01-05 23:30:00+00:00
2020-01-06 00:00:00+00:00,4679,1165,6849,9558,2004,505,586,1803,122,0,0,27271,121,49.9936,49.916,50.084,0.0296,0,0,1800,9.7,0,32.6,233,0,3,7.1,0,18.6,212,0,25,8.5,0,25.6,182,0,99,6.6,0,12.5,213,0,100,6.1,0,15.9,205,0,24,Monday,No,23029,25029,6-Jan-20,1,2020-01-06 00:00:00+00:00
2020-01-06 00:30:00+00:00,4742,1179,6852,9691,2023,499,586,1801,123,0,0,27496,121,49.989,49.916,50.084,0.0369,0,0,1800,9.7,0,32.6,233,0,3,7.1,0,18.6,212,0,25,8.5,0,25.6,182,0,99,6.6,0,12.5,213,0,100,6.1,0,15.9,205,0,24,Monday,No,23142,25191,6-Jan-20,2,2020-01-06 00:30:00+00:00
2020-01-06 01:00:00+00:00,4941,1152,6760,9540,2065,500,586,1795,122,0,0,27461,123,49.9622,49.888,50.071,0.0501,0,0,1800,9.5,0,30.9,221,0,0,7.1,0,20.8,210,0,100,8.5,0,27.4,184,0,100,7,0,14.6,213,0,99,6.7,0,16.8,208,0,51,Monday,No,22599,25029,6-Jan-20,3,2020-01-06 01:00:00+00:00
2020-01-06 01:30:00+00:00,4886,1152,6644,9679,2104,499,586,1801,122,0,0,27472,123,50.0507,49.955,50.116,0.0442,0,0,1800,9.5,0,30.9,221,0,0,7.1,0,20.8,210,0,100,8.5,0,27.4,184,0,100,7,0,14.6,213,0,99,6.7,0,16.8,208,0,51,Monday,No,22224,25024,6-Jan-20,4,2020-01-06 01:30:00+00:00
2020-01-06 02:00:00+00:00,4960,1149,6638,9891,2147,492,586,1796,123,0,0,27782,122,50.0179,49.881,50.125,0.0647,0,0,1800,9.1,0,31.7,209,0,100,6.8,0,20.5,208,0,46,8.6,0,30.7,183,0,100,6.8,0,17,212,0,99,6.5,0,17.6,206,0,100,Monday,No,21814,25298,6-Jan-20,5,2020-01-06 02:00:00+00:00
2020-01-06 02:30:00+00:00,5001,1153,6641,10091,2207,508,586,1793,122,0,0,28102,122,50.0418,49.968,50.123,0.0398,0,0,1800,9.1,0,31.7,209,0,100,6.8,0,20.5,208,0,46,8.6,0,30.7,183,0,100,6.8,0,17,212,0,99,6.5,0,17.6,206,0,100,Monday,No,21597,25542,6-Jan-20,6,2020-01-06 02:30:00+00:00
2020-01-06 03:00:00+00:00,4582,1146,6723,10168,2258,523,586,1799,122,0,0,27907,116,50.041,49.946,50.1,0.0344,0,0,1800,8.7,0,32.5,206,0,14,6.2,0,23.2,210,0,13,8.9,0,29.7,186,0,100,6.5,0,16.3,208,0,88,7.1,0,19.5,208,0,100,Monday,No,21074,25263,6-Jan-20,7,2020-01-06 03:00:00+00:00
2020-01-06 03:30:00+00:00,4127,1052,6837,10225,2283,521,586,1804,124,0,0,27559,108,50.0089,49.907,50.141,0.064,0,0,1800,8.7,0,32.5,206,0,14,6.2,0,23.2,210,0,13,8.9,0,29.7,186,0,100,6.5,0,16.3,208,0,88,7.1,0,19.5,208,0,100,Monday,No,20582,24958,6-Jan-20,8,2020-01-06 03:30:00+00:00
2020-01-06 04:00:00+00:00,4210,1002,6852,10534,2297,526,586,1806,125,0,0,27938,106,49.9715,49.894,50.094,0.0408,0,0,1800,8.2,0,34.8,203,0,16,5.3,0,23.5,212,0,21,8.8,0,33.3,191,0,100,6.2,0,16.9,207,0,99,7.1,0,20,203,0,60,Monday,No,20358,25302,6-Jan-20,9,2020-01-06 04:00:00+00:00
2020-01-06 04:30:00+00:00,4541,1031,6854,10537,2315,547,586,1809,125,0,0,28345,110,49.9496,49.894,50.071,0.0382,0,0,1800,8.2,0,34.8,203,0,16,5.3,0,23.5,212,0,21,8.8,0,33.3,191,0,100,6.2,0,16.9,207,0,99,7.1,0,20,203,0,60,Monday,No,20514,25710,6-Jan-20,10,2020-01-06 04:30:00+00:00
2020-01-06 05:00:00+00:00,4632,1275,6849,10824,2342,571,586,1784,124,0,0,28987,117,49.9953,49.93,50.085,0.0394,0,0,1800,8.1,0,32.6,198,0,99,5.5,0,24.7,214,0,100,9,0,35,192,0,100,6.4,0,16.1,204,0,100,6,0,20.4,197,0,36,Monday,No,21449,26324,6-Jan-20,11,2020-01-06 05:00:00+00:00
2020-01-06 05:30:00+00:00,5096,1420,6858,10980,2383,575,586,1542,123,0,0,29563,124,49.9869,49.865,50.113,0.0646,0,0,1800,8.1,0,32.6,198,0,99,5.5,0,24.7,214,0,100,9,0,35,192,0,100,6.4,0,16.1,204,0,100,6,0,20.4,197,0,36,Monday,No,22955,26924,6-Jan-20,12,2020-01-06 05:30:00+00:00
2020-01-06 06:00:00+00:00,6367,1950,6854,11141,2426,574,586,1844,101,0,0,31843,148,49.9523,49.876,50.043,0.0362,0,0,1800,8.2,0,35.3,194,0,100,6.6,0,25.7,211,0,100,9.3,0,34.2,192,0,100,6.8,0,18.9,198,0,100,5.1,0,20.7,197,0,62,Monday,No,26182,29265,6-Jan-20,13,2020-01-06 06:00:00+00:00
2020-01-06 06:30:00+00:00,8071,2574,6856,11240,2469,588,586,2120,104,0,110,34718,173,49.9721,49.877,50.098,0.0556,0,0,1800,8.2,0,35.3,194,0,100,6.6,0,25.7,211,0,100,9.3,0,34.2,192,0,100,6.8,0,18.9,198,0,100,5.1,0,20.7,197,0,62,Monday,No,29177,32184,6-Jan-20,14,2020-01-06 06:30:00+00:00
2020-01-06 07:00:00+00:00,8432,3170,6855,11653,2520,601,674,2309,120,0,0,36333,185,50.0394,49.941,50.148,0.0387,0,0,1800,8.6,0,37.7,193,0,98,6.8,0,25.4,205,0,99,9.3,0,35.7,192,0,79,6.5,0,19.4,190,0,33,5.3,0,21.2,198,0,90,Monday,No,32720,33878,6-Jan-20,15,2020-01-06 07:00:00+00:00
2020-01-06 07:30:00+00:00,9266,3442,6853,12210,2582,707,681,2387,127,0,0,38255,191,49.9662,49.842,50.169,0.0782,0,0,1800,8.6,0,37.7,193,0,98,6.8,0,25.4,205,0,99,9.3,0,35.7,192,0,79,6.5,0,19.4,190,0,33,5.3,0,21.2,198,0,90,Monday,No,34645,35683,6-Jan-20,16,2020-01-06 07:30:00+00:00
2020-01-06 08:00:00+00:00,9829,3320,6853,12612,2629,806,776,2400,121,0,0,39347,189,50.0256,49.896,50.116,0.0559,0,0,1800,8.4,0,37.7,187,0,99,6.7,0,26,199,0,99,9.3,0,36.8,189,0,87,5.7,0,18.9,188,0,25,5.9,0,22.3,198,0,88,Monday,No,36122,36735,6-Jan-20,17,2020-01-06 08:00:00+00:00
2020-01-06 08:30:00+00:00,10390,3178,6821,12698,2645,785,781,2412,123,17,0,39850,189,49.9877,49.844,50.094,0.0626,0,0,1800,8.4,0,37.7,187,0,99,6.7,0,26,199,0,99,9.3,0,36.8,189,0,87,5.7,0,18.9,188,0,25,5.9,0,22.3,198,0,88,Monday,No,36604,37215,6-Jan-20,18,2020-01-06 08:30:00+00:00
2020-01-06 09:00:00+00:00,10815,3260,6688,12662,2651,744,913,2413,121,129,0,40396,193,49.9705,49.877,50.07,0.0378,0,0,1800,8.5,0,37.8,182,0,99,6.5,0,26.7,196,5,100,9.7,0,38.7,195,8,99,5.9,0,18.7,191,25,11,6.3,0,22.8,192,11,73,Monday,No,37403,38012,6-Jan-20,19,2020-01-06 09:00:00+00:00
2020-01-06 09:30:00+00:00,10621,3633,6631,12765,2673,745,884,2419,121,332,0,40824,198,50.0579,49.977,50.132,0.0421,0,0,1800,8.5,0,37.8,182,0,99,6.5,0,26.7,196,5,100,9.7,0,38.7,195,8,99,5.9,0,18.7,191,25,11,6.3,0,22.8,192,11,73,Monday,No,37557,38166,6-Jan-20,20,2020-01-06 09:30:00+00:00
2020-01-06 10:00:00+00:00,10632,3698,6628,12831,2700,766,979,2415,122,538,0,41309,197,49.9937,49.892,50.063,0.0467,0,0,1800,8.6,0,39.2,180,14,98,6.7,0,28.8,200,47,84,10.1,0.1,37.8,199,50,100,6.6,0,18.4,186,107,3,6.8,0,23.2,192,69,53,Monday,No,37508,38117,6-Jan-20,21,2020-01-06 10:00:00+00:00
2020-01-06 10:30:00+00:00,10818,3703,6638,12818,2720,771,883,2420,122,730,0,41623,197,49.9852,49.907,50.055,0.0355,0,0,1800,8.6,0,39.2,180,14,98,6.7,0,28.8,200,47,84,10.1,0.1,37.8,199,50,100,6.6,0,18.4,186,107,3,6.8,0,23.2,192,69,53,Monday,No,37584,38193,6-Jan-20,22,2020-01-06 10:30:00+00:00
2020-01-06 11:00:00+00:00,10247,3700,6756,12991,2757,672,796,2427,126,957,0,41428,192,49.9516,49.861,50.054,0.0499,0,0,1800,9,0,40.4,191,24,80,7.2,0,27.4,197,100,80,9.7,2.1,37.6,202,28,100,7.1,0,22.2,188,192,3,7.4,0,23,190,159,28,Monday,No,37658,38267,6-Jan-20,23,2020-01-06 11:00:00+00:00
2020-01-06 11:30:00+00:00,10083,3609,6842,13214,2827,570,838,2426,125,997,2,41533,188,49.9144,49.815,50.029,0.0404,0,0,1800,9,0,40.4,191,24,80,7.2,0,27.4,197,100,80,9.7,2.1,37.6,202,28,100,7.1,0,22.2,188,192,3,7.4,0,23,190,159,28,Monday,No,37701,38310,6-Jan-20,24,2020-01-06 11:30:00+00:00
2020-01-06 12:00:00+00:00,9765,3576,6850,13141,2892,568,745,2427,123,1064,0,41151,185,49.9771,49.868,50.059,0.045,0,0,1800,9.5,0,42.4,199,56,57,7.5,0,30.6,201,118,80,9.4,2.1,35.6,203,22,100,7.4,0,24.6,195,236,21,7.8,0,26.4,200,214,32,Monday,No,38104,38713,6-Jan-20,25,2020-01-06 12:00:00+00:00
2020-01-06 12:30:00+00:00,9664,3643,6849,13250,2914,565,794,2421,116,942,0,41158,186,50.0305,49.929,50.093,0.0353,0,0,1800,9.5,0,42.4,199,56,57,7.5,0,30.6,201,118,80,9.4,2.1,35.6,203,22,100,7.4,0,24.6,195,236,21,7.8,0,26.4,200,214,32,Monday,No,38164,38773,6-Jan-20,26,2020-01-06 12:30:00+00:00
2020-01-06 13:00:00+00:00,9776,3527,6849,13295,2922,553,968,2407,100,785,0,41182,184,50.0499,49.986,50.149,0.0345,0,0,1800,9.4,0.3,43.7,201,47,100,7.6,0,30.9,197,88,86,10.1,0.2,35.2,227,64,59,7.5,0,24.2,203,230,24,8,0,28.9,211,197,70,Monday,No,38271,38880,6-Jan-20,27,2020-01-06 13:00:00+00:00
2020-01-06 13:30:00+00:00,9604,3519,6848,13275,2946,549,990,2425,94,608,0,40858,184,49.9567,49.897,50.056,0.0305,0,0,1800,9.4,0.3,43.7,201,47,100,7.6,0,30.9,197,88,86,10.1,0.2,35.2,227,64,59,7.5,0,24.2,203,230,24,8,0,28.9,211,197,70,Monday,No,38042,38651,6-Jan-20,28,2020-01-06 13:30:00+00:00
2020-01-06 14:00:00+00:00,9856,3458,6843,12964,2952,601,1074,2426,106,400,0,40680,186,49.9213,49.846,50.018,0.032,0,0,1800,9.1,0.4,40.9,200,46,96,7.8,0,34.8,198,120,92,10.9,0.1,31.7,267,147,29,7.6,0,23.7,221,185,99,7.8,0,27.5,212,113,90,Monday,No,38066,38675,6-Jan-20,29,2020-01-06 14:00:00+00:00
2020-01-06 14:30:00+00:00,10316,3451,6724,12690,2900,688,998,2425,103,273,50,40619,190,49.9947,49.849,50.08,0.0476,0,0,1800,9.1,0.4,40.9,200,46,96,7.8,0,34.8,198,120,92,10.9,0.1,31.7,267,147,29,7.6,0,23.7,221,185,99,7.8,0,27.5,212,113,90,Monday,No,38161,38770,6-Jan-20,30,2020-01-06 14:30:00+00:00
2020-01-06 15:00:00+00:00,10655,3208,6626,12302,2800,690,1377,2431,115,131,326,40662,191,49.9697,49.853,50.072,0.0588,0,0,1800,8.9,0.2,32.4,209,37,100,7.9,0,34.9,205,61,100,10.4,0,28.1,274,159,5,7.1,0,21.4,226,87,100,7.8,0,26,202,57,94,Monday,No,38375,38984,6-Jan-20,31,2020-01-06 15:00:00+00:00
2020-01-06 15:30:00+00:00,11265,3220,6631,12334,2672,707,1300,2414,101,38,326,41008,195,50.0576,49.93,50.193,0.051,0,0,1800,8.9,0.2,32.4,209,37,100,7.9,0,34.9,205,61,100,10.4,0,28.1,274,159,5,7.1,0,21.4,226,87,100,7.8,0,26,202,57,94,Monday,No,38997,39606,6-Jan-20,32,2020-01-06 15:30:00+00:00
2020-01-06 16:00:00+00:00,11249,3154,6629,12394,2547,749,2577,2419,111,0,320,42149,195,50.0153,49.918,50.12,0.0486,0,0,1800,8.8,0.1,19.7,230,3,100,8.3,0.1,34.5,212,7,100,9.6,0,24.6,275,82,1,6.8,0,19,217,18,100,7.5,0.4,25.3,203,19,100,Monday,No,40389,41138,6-Jan-20,33,2020-01-06 16:00:00+00:00
2020-01-06 16:30:00+00:00,12252,3139,6710,12091,2455,919,2645,2424,191,0,954,43780,198,49.9905,49.831,50.105,0.0766,0,0,1800,8.8,0.1,19.7,230,3,100,8.3,0.1,34.5,212,7,100,9.6,0,24.6,275,82,1,6.8,0,19,217,18,100,7.5,0.4,25.3,203,19,100,Monday,No,41865,42802,6-Jan-20,34,2020-01-06 16:30:00+00:00
2020-01-06 17:00:00+00:00,12259,3075,6842,12276,2388,946,2686,2428,215,0,1512,44627,193,50.0607,49.986,50.155,0.0329,0,0,1800,8.6,0,15.2,248,0,100,8.9,0,32.4,228,0,33,9.2,0,23.8,273,7,1,7.3,0.1,19,213,0,100,7.7,1.1,25.8,210,0,100,Monday,No,42400,43627,6-Jan-20,35,2020-01-06 17:00:00+00:00
2020-01-06 17:30:00+00:00,12048,3081,6858,12455,2331,997,2691,2429,212,0,1544,44646,191,50.0408,49.931,50.126,0.0502,0,0,1800,8.6,0,15.2,248,0,100,8.9,0,32.4,228,0,33,9.2,0,23.8,273,7,1,7.3,0.1,19,213,0,100,7.7,1.1,25.8,210,0,100,Monday,No,42214,43669,6-Jan-20,36,2020-01-06 17:30:00+00:00
2020-01-06 18:00:00+00:00,12263,3100,6860,12371,2271,973,2762,2434,194,0,1142,44371,195,50.0351,49.912,50.138,0.0565,0,0,1800,8,0,13.2,244,0,90,8.7,0,26.3,245,0,10,9,0,20.9,268,0,15,7.2,0.7,20.5,211,0,100,8.4,0,25.6,219,0,45,Monday,No,41866,43451,6-Jan-20,37,2020-01-06 18:00:00+00:00
2020-01-06 18:30:00+00:00,11796,3068,6859,12435,2199,954,2786,2434,175,0,888,43594,193,50.0657,49.962,50.143,0.0404,0,0,1800,8,0,13.2,244,0,90,8.7,0,26.3,245,0,10,9,0,20.9,268,0,15,7.2,0.7,20.5,211,0,100,8.4,0,25.6,219,0,45,Monday,No,41104,42684,6-Jan-20,38,2020-01-06 18:30:00+00:00
2020-01-06 19:00:00+00:00,11420,2882,6846,12343,2129,956,2760,2436,139,0,496,42407,191,49.9687,49.842,50.091,0.072,0,0,1800,7.4,0,15.5,257,0,0,7.7,0,24.2,255,0,10,8.8,0,20.2,268,0,0,7.8,0.1,21.8,219,0,100,8.1,0,19.7,235,0,29,Monday,No,40263,41692,6-Jan-20,39,2020-01-06 19:00:00+00:00
2020-01-06 19:30:00+00:00,10960,2786,6843,12201,2076,953,2760,2409,125,0,596,41709,187,49.9944,49.855,50.113,0.0392,0,0,1800,7.4,0,15.5,257,0,0,7.7,0,24.2,255,0,10,8.8,0,20.2,268,0,0,7.8,0.1,21.8,219,0,100,8.1,0,19.7,235,0,29,Monday,No,39441,40924,6-Jan-20,40,2020-01-06 19:30:00+00:00
2020-01-06 20:00:00+00:00,10601,2556,6839,11847,2031,957,2704,2393,129,0,308,40365,185,49.9519,49.854,50.064,0.0572,0,0,1800,6,0,13.4,234,0,0,7.2,0,24.8,257,0,0,8.7,0,17.9,261,0,19,8.5,0,18.2,240,0,86,7.8,0,19.2,253,0,3,Monday,No,38094,39464,6-Jan-20,41,2020-01-06 20:00:00+00:00
2020-01-06 20:30:00+00:00,9635,2513,6841,11249,1978,958,2699,2395,143,0,326,38737,182,49.9365,49.778,50.143,0.085,0,41,1800,6,0,13.4,234,0,0,7.2,0,24.8,257,0,0,8.7,0,17.9,261,0,19,8.5,0,18.2,240,0,86,7.8,0,19.2,253,0,3,Monday,No,36586,37853,6-Jan-20,42,2020-01-06 20:30:00+00:00
2020-01-06 21:00:00+00:00,8142,2263,6847,10617,1923,956,2561,2395,165,0,312,36181,171,49.9337,49.838,50.111,0.0513,0,0,1800,5.4,0,14.6,232,0,0,6.8,0,21.9,261,0,2,8.5,0,16.6,248,0,12,8.3,0,18,271,0,11,7.2,0,18.3,260,0,1,Monday,No,34669,35651,6-Jan-20,43,2020-01-06 21:00:00+00:00
2020-01-06 21:30:00+00:00,6878,2262,6848,10198,1876,832,2555,2377,129,0,110,34065,167,50.0053,49.881,50.082,0.0452,0,0,1800,5.4,0,14.6,232,0,0,6.8,0,21.9,261,0,2,8.5,0,16.6,248,0,12,8.3,0,18,271,0,11,7.2,0,18.3,260,0,1,Monday,No,32784,33600,6-Jan-20,44,2020-01-06 21:30:00+00:00
2020-01-06 22:00:00+00:00,6868,1923,6846,10235,1842,763,2283,2366,124,0,6,33256,159,50.035,49.952,50.11,0.039,0,0,1800,5,0,14.1,220,0,0,6.6,0,22.8,265,0,0,8.2,0,12.9,243,0,95,6.9,0,15.9,276,0,1,6.6,0,18.7,259,0,0,Monday,No,30494,31105,6-Jan-20,45,2020-01-06 22:00:00+00:00
2020-01-06 22:30:00+00:00,5423,1659,6842,9968,1819,641,2332,2361,143,0,262,31449,143,49.933,49.858,50.084,0.0459,0,0,1800,5,0,14.1,220,0,0,6.6,0,22.8,265,0,0,8.2,0,12.9,243,0,95,6.9,0,15.9,276,0,1,6.6,0,18.7,259,0,0,Monday,No,28770,29384,6-Jan-20,46,2020-01-06 22:30:00+00:00
2020-01-06 23:00:00+00:00,4593,920,6847,9735,1790,601,1989,2015,125,0,14,28628,117,49.9551,49.878,50.052,0.0368,0,0,1800,4.7,0,14.9,212,0,33,6.1,0,20.6,265,0,1,7.9,0,11.7,236,0,98,6.2,0,15.1,273,0,0,6.1,0,16.8,260,0,0,Monday,No,26993,27605,6-Jan-20,47,2020-01-06 23:00:00+00:00
2020-01-06 23:30:00+00:00,4042,621,6845,9456,1741,593,2007,1750,127,0,0,27182,104,50.0056,49.879,50.136,0.0748,0,0,1800,4.7,0,14.9,212,0,33,6.1,0,20.6,265,0,1,7.9,0,11.7,236,0,98,6.2,0,15.1,273,0,0,6.1,0,16.8,260,0,0,Monday,No,25705,26317,6-Jan-20,48,2020-01-06 23:30:00+00:00
2020-01-07 00:00:00+00:00,4354,635,6838,8983,1705,682,1470,1859,138,0,82,26746,105,49.9366,49.835,50.036,0.0528,0,0,1800,4.9,0,16.1,207,0,27,6.1,0,18.7,254,0,0,8.7,0,17.9,218,0,82,5.6,0,12.3,265,0,29,6,0,16,247,0,0,Tuesday,No,25424,26034,7-Jan-20,1,2020-01-07 00:00:00+00:00
2020-01-07 00:30:00+00:00,4500,639,6847,9007,1715,676,1537,2299,124,0,0,27344,107,50.0153,49.894,50.126,0.0711,0,0,1800,4.9,0,16.1,207,0,27,6.1,0,18.7,254,0,0,8.7,0,17.9,218,0,82,5.6,0,12.3,265,0,29,6,0,16,247,0,0,Tuesday,No,25967,26582,7-Jan-20,2,2020-01-07 00:30:00+00:00
2020-01-07 01:00:00+00:00,4810,812,6763,9107,1741,659,1578,2351,123,0,0,27944,113,50.0015,49.925,50.053,0.0338,0,0,1800,5,0,16.1,209,0,0,5.7,0,19.9,248,0,0,8.9,0,17.9,205,0,15,5.2,0,13.1,261,0,89,5.6,0,15.2,248,0,0,Tuesday,No,25767,26674,7-Jan-20,3,2020-01-07 01:00:00+00:00
2020-01-07 01:30:00+00:00,4491,728,6635,9394,1748,566,1620,2343,123,0,0,27648,107,50.0586,50.015,50.122,0.0195,0,0,1800,5,0,16.1,209,0,0,5.7,0,19.9,248,0,0,8.9,0,17.9,205,0,15,5.2,0,13.1,261,0,89,5.6,0,15.2,248,0,0,Tuesday,No,25170,26386,7-Jan-20,4,2020-01-07 01:30:00+00:00
2020-01-07 02:00:00+00:00,4553,671,6632,9484,1755,552,1419,2349,122,0,0,27538,106,50.0065,49.909,50.093,0.0393,0,0,1800,5.4,0,17.8,212,0,24,5.4,0,19.7,239,0,17,8.7,0,20.1,204,0,79,5,0,11.9,256,0,36,5.2,0,13.2,244,0,47,Tuesday,No,24535,26387,7-Jan-20,5,2020-01-07 02:00:00+00:00
2020-01-07 02:30:00+00:00,4638,806,6623,9197,1783,544,1386,2354,126,0,0,27457,112,50.0097,49.865,50.137,0.086,0,0,1800,5.4,0,17.8,212,0,24,5.4,0,19.7,239,0,17,8.7,0,20.1,204,0,79,5,0,11.9,256,0,36,5.2,0,13.2,244,0,47,Tuesday,No,24111,26072,7-Jan-20,6,2020-01-07 02:30:00+00:00
2020-01-07 03:00:00+00:00,4754,796,6628,9484,1817,544,836,2351,123,0,0,27333,111,50.0543,49.924,50.139,0.0504,0,0,1800,5.7,0,19.7,198,0,100,5.3,0,15.4,237,0,25,9,0,21.3,202,0,72,4.6,0,11.3,248,0,32,4.9,0,12.5,224,0,0,Tuesday,No,23705,25811,7-Jan-20,7,2020-01-07 03:00:00+00:00
2020-01-07 03:30:00+00:00,4764,650,6741,9080,1841,538,806,2365,124,0,0,26909,108,49.9748,49.907,50.067,0.0317,0,0,1800,5.7,0,19.7,198,0,100,5.3,0,15.4,237,0,25,9,0,21.3,202,0,72,4.6,0,11.3,248,0,32,4.9,0,12.5,224,0,0,Tuesday,No,23039,25339,7-Jan-20,8,2020-01-07 03:30:00+00:00
2020-01-07 04:00:00+00:00,5055,896,6816,8724,1865,535,670,2360,123,0,0,27044,120,50.0397,49.927,50.123,0.0517,0,0,1800,6.3,0,19.3,194,0,100,4.7,0,12.2,214,0,100,9.2,0,22.9,193,0,94,4.3,0,11.6,244,0,4,4.8,0,13.7,210,0,12,Tuesday,No,22757,24753,7-Jan-20,9,2020-01-07 04:00:00+00:00
2020-01-07 04:30:00+00:00,5376,897,6774,8866,1904,536,644,2354,123,0,0,27474,122,50.0384,49.938,50.115,0.0411,0,0,1800,6.3,0,19.3,194,0,100,4.7,0,12.2,214,0,100,9.2,0,22.9,193,0,94,4.3,0,11.6,244,0,4,4.8,0,13.7,210,0,12,Tuesday,No,22775,24748,7-Jan-20,10,2020-01-07 04:30:00+00:00
2020-01-07 05:00:00+00:00,6125,1013,6768,8810,1956,529,628,2339,125,0,0,28293,133,50.0512,49.957,50.149,0.0546,0,0,1800,6.6,0,23.8,200,0,100,4.8,0,17.1,198,0,79,9.7,0,24.7,188,0,41,4,0,10.1,243,0,32,5,0,16.4,213,0,63,Tuesday,No,23526,24660,7-Jan-20,11,2020-01-07 05:00:00+00:00
2020-01-07 05:30:00+00:00,7012,1437,6768,9013,2015,529,612,2333,127,0,0,29846,151,50.0606,49.921,50.197,0.0636,0,0,1800,6.6,0,23.8,200,0,100,4.8,0,17.1,198,0,79,9.7,0,24.7,188,0,41,4,0,10.1,243,0,32,5,0,16.4,213,0,63,Tuesday,No,24702,25771,7-Jan-20,12,2020-01-07 05:30:00+00:00
2020-01-07 06:00:00+00:00,8248,1941,6762,9234,2076,533,596,2345,127,0,0,31861,172,50.029,49.91,50.162,0.0687,0,0,1800,6.4,0,30.4,199,0,99,4.9,0,19.9,202,0,100,9.8,0,26.3,189,0,23,4.2,0,10,232,0,96,5.6,0,15.6,209,0,99,Tuesday,No,27669,28897,7-Jan-20,13,2020-01-07 06:00:00+00:00
2020-01-07 06:30:00+00:00,9352,2163,6765,9551,2139,544,618,2301,123,0,0,33556,182,50.0576,49.954,50.153,0.0443,0,0,1800,6.4,0,30.4,199,0,99,4.9,0,19.9,202,0,100,9.8,0,26.3,189,0,23,4.2,0,10,232,0,96,5.6,0,15.6,209,0,99,Tuesday,No,30571,31837,7-Jan-20,14,2020-01-07 06:30:00+00:00
2020-01-07 07:00:00+00:00,10303,2417,6754,9974,2222,579,640,2365,124,0,0,35378,190,50.0047,49.914,50.109,0.0407,0,0,1800,7.1,0,32.3,199,0,100,5.5,0,21.1,200,0,88,10.2,0,26.1,192,0,100,5.5,0,12,224,0,90,6.1,0,17.7,207,0,95,Tuesday,No,33850,34939,7-Jan-20,15,2020-01-07 07:00:00+00:00
2020-01-07 07:30:00+00:00,10860,2531,6759,10763,2335,636,627,2378,124,0,246,37258,189,50.038,49.94,50.102,0.0315,0,0,1800,7.1,0,32.3,199,0,100,5.5,0,21.1,200,0,88,10.2,0,26.1,192,0,100,5.5,0,12,224,0,90,6.1,0,17.7,207,0,95,Tuesday,No,35608,36772,7-Jan-20,16,2020-01-07 07:30:00+00:00
2020-01-07 08:00:00+00:00,11201,2736,6753,10994,2418,630,705,2393,118,2,292,38243,193,50.0467,49.938,50.159,0.0569,0,0,1800,7.2,1.1,38.6,194,0,99,6,0,23.5,201,0,100,10.8,0,27,201,0,100,6.8,0,14.3,219,0,100,6,0,19.8,205,0,95,Tuesday,No,36396,37600,7-Jan-20,17,2020-01-07 08:00:00+00:00
2020-01-07 08:30:00+00:00,11416,2461,6757,11590,2429,618,698,2393,117,96,462,39037,185,50.0504,49.954,50.157,0.047,0,0,1800,7.2,1.1,38.6,194,0,99,6,0,23.5,201,0,100,10.8,0,27,201,0,100,6.8,0,14.3,219,0,100,6,0,19.8,205,0,95,Tuesday,No,36441,37640,7-Jan-20,18,2020-01-07 08:30:00+00:00
2020-01-07 09:00:00+00:00,11565,2540,6750,11826,2448,606,925,2406,123,232,152,39574,188,50.0006,49.855,50.099,0.0585,0,0,1800,7.7,2.2,39.7,192,0,100,7.2,0,26.6,207,4,87,11.2,0,28.7,205,5,100,7.8,0,15.1,213,12,100,6.9,0,22.7,207,6,100,Tuesday,No,37085,37702,7-Jan-20,19,2020-01-07 09:00:00+00:00
2020-01-07 09:30:00+00:00,11626,2637,6738,12080,2552,606,921,2408,127,449,76,40221,188,49.9796,49.807,50.107,0.0763,0,0,1800,7.7,2.2,39.7,192,0,100,7.2,0,26.6,207,4,87,11.2,0,28.7,205,5,100,7.8,0,15.1,213,12,100,6.9,0,22.7,207,6,100,Tuesday,No,37142,37753,7-Jan-20,20,2020-01-07 09:30:00+00:00
2020-01-07 10:00:00+00:00,11685,2636,6720,12154,2669,634,868,2384,101,610,126,40587,186,50.0038,49.879,50.101,0.0577,0,0,1800,8.2,0.2,41.8,195,12,100,8,0,26.9,206,39,92,11.5,0,30,209,31,100,8.6,0,17.5,212,26,100,7.9,0,22.7,205,22,100,Tuesday,No,37064,37675,7-Jan-20,21,2020-01-07 10:00:00+00:00
2020-01-07 10:30:00+00:00,11727,2532,6713,12491,2719,592,867,2385,97,773,48,40943,182,50.0434,49.963,50.163,0.0422,0,0,1800,8.2,0.2,41.8,195,12,100,8,0,26.9,206,39,92,11.5,0,30,209,31,100,8.6,0,17.5,212,26,100,7.9,0,22.7,205,22,100,Tuesday,No,36907,37519,7-Jan-20,22,2020-01-07 10:30:00+00:00
2020-01-07 11:00:00+00:00,11827,2367,6692,12933,2744,606,681,2384,111,799,86,41229,177,49.9941,49.915,50.086,0.0337,0,0,1800,8.9,0.4,42.4,192,22,54,8.6,0.4,28.5,208,79,97,12,0,29.7,211,49,100,8.9,0,18.6,212,32,100,8.8,0,23.4,203,51,91,Tuesday,No,36902,37730,7-Jan-20,23,2020-01-07 11:00:00+00:00
2020-01-07 11:30:00+00:00,11869,2307,6568,13071,2792,602,657,2384,111,768,172,41301,175,50.0466,49.94,50.133,0.0466,0,0,1800,8.9,0.4,42.4,192,22,54,8.6,0.4,28.5,208,79,97,12,0,29.7,211,49,100,8.9,0,18.6,212,32,100,8.8,0,23.4,203,51,91,Tuesday,No,37063,37899,7-Jan-20,24,2020-01-07 11:30:00+00:00
2020-01-07 12:00:00+00:00,11939,2301,6471,12883,2813,593,986,2370,117,868,136,41477,178,50.0196,49.912,50.14,0.0705,0,0,1800,10.1,0,38.1,198,106,57,8.5,0.4,27.3,211,37,97,11.7,0,30.8,206,59,100,9.2,0,20.6,205,40,80,10.1,0,22.5,200,167,98,Tuesday,No,37467,38603,7-Jan-20,25,2020-01-07 12:00:00+00:00
2020-01-07 12:30:00+00:00,11900,2230,6474,13348,2764,608,1064,2388,135,871,210,41992,174,49.9708,49.907,50.076,0.0418,0,0,1800,10.1,0,38.1,198,106,57,8.5,0.4,27.3,211,37,97,11.7,0,30.8,206,59,100,9.2,0,20.6,205,40,80,10.1,0,22.5,200,167,98,Tuesday,No,37283,38435,7-Jan-20,26,2020-01-07 12:30:00+00:00
2020-01-07 13:00:00+00:00,11800,2282,6473,13505,2727,641,1362,2384,132,594,232,42132,176,49.9977,49.895,50.109,0.068,0,0,1800,11.6,0,41.2,202,106,11,9.1,0.1,30.3,212,29,92,11.7,0.1,33.4,209,47,100,9.8,0,20.2,199,179,26,10.7,0,24.5,197,188,96,Tuesday,No,37423,38877,7-Jan-20,27,2020-01-07 13:00:00+00:00
2020-01-07 13:30:00+00:00,11747,2306,6479,13461,2779,617,1364,2380,134,484,168,41919,177,50.0277,49.903,50.144,0.0513,0,0,1800,11.6,0,41.2,202,106,11,9.1,0.1,30.3,212,29,92,11.7,0.1,33.4,209,47,100,9.8,0,20.2,199,179,26,10.7,0,24.5,197,188,96,Tuesday,No,37299,38765,7-Jan-20,28,2020-01-07 13:30:00+00:00
2020-01-07 14:00:00+00:00,11563,2306,6596,13467,2842,625,1304,2382,128,349,62,41624,176,50.0215,49.923,50.214,0.0764,0,18,1800,12.3,0,41.2,207,91,8,9.8,0,29.6,198,101,100,11.9,0.1,34.3,212,38,100,9.7,0,20.1,195,181,13,10.7,0.3,29,207,112,99,Tuesday,No,37240,38509,7-Jan-20,29,2020-01-07 14:00:00+00:00
2020-01-07 14:30:00+00:00,11422,2430,6695,13618,2834,625,1304,2355,129,224,152,41788,176,50.0388,49.952,50.124,0.0373,0,0,1800,12.3,0,41.2,207,91,8,9.8,0,29.6,198,101,100,11.9,0.1,34.3,212,38,100,9.7,0,20.1,195,181,13,10.7,0.3,29,207,112,99,Tuesday,No,37185,38749,7-Jan-20,30,2020-01-07 14:30:00+00:00
2020-01-07 15:00:00+00:00,11201,2395,6700,13621,2810,630,868,2415,139,83,30,40892,173,50.0071,49.896,50.093,0.0472,0,0,1800,12.7,0,48.7,216,50,93,10.3,0,35.3,203,38,98,12.1,0.1,35.2,215,32,100,9.1,0,22.2,205,114,43,10.3,0.1,28.7,205,28,96,Tuesday,No,37241,38035,7-Jan-20,31,2020-01-07 15:00:00+00:00
2020-01-07 15:30:00+00:00,11685,2487,6695,13607,2833,618,970,2421,161,7,344,41828,176,49.9143,49.819,50.057,0.0381,0,0,1800,12.7,0,48.7,216,50,93,10.3,0,35.3,203,38,98,12.1,0.1,35.2,215,32,100,9.1,0,22.2,205,114,43,10.3,0.1,28.7,205,28,96,Tuesday,No,38330,39128,7-Jan-20,32,2020-01-07 15:30:00+00:00
2020-01-07 16:00:00+00:00,12019,2778,6704,13511,2878,653,2114,2420,156,0,224,43457,182,49.9824,49.873,50.129,0.0589,0,0,1800,12.6,0.6,45.4,214,7,99,10.6,0,34.3,212,11,100,12.1,0.1,34.2,221,17,100,8.7,0,20.9,199,25,100,10.2,0,28.9,203,21,100,Tuesday,No,39749,40599,7-Jan-20,33,2020-01-07 16:00:00+00:00
2020-01-07 16:30:00+00:00,12619,2834,6706,13482,2911,755,2170,2419,148,0,594,44638,183,49.9633,49.864,50.086,0.0564,0,0,1800,12.6,0.6,45.4,214,7,99,10.6,0,34.3,212,11,100,12.1,0.1,34.2,221,17,100,8.7,0,20.9,199,25,100,10.2,0,28.9,203,21,100,Tuesday,No,40945,41797,7-Jan-20,34,2020-01-07 16:30:00+00:00
2020-01-07 17:00:00+00:00,12098,2784,6725,13633,2938,771,2662,2416,202,0,764,44993,180,50.0255,49.929,50.138,0.0474,0,0,1800,12.8,0.1,48.2,213,0,34,11.5,0,34.4,224,0,100,12,0.1,31.3,225,2,100,9.5,0,23.5,201,0,100,10.7,0,30.8,204,0,100,Tuesday,No,41485,42095,7-Jan-20,35,2020-01-07 17:00:00+00:00
2020-01-07 17:30:00+00:00,11818,2767,6729,13701,2976,767,2654,2415,223,0,718,44768,179,49.997,49.927,50.101,0.0326,0,0,1800,12.8,0.1,48.2,213,0,34,11.5,0,34.4,224,0,100,12,0.1,31.3,225,2,100,9.5,0,23.5,201,0,100,10.7,0,30.8,204,0,100,Tuesday,No,41202,41813,7-Jan-20,36,2020-01-07 17:30:00+00:00
2020-01-07 18:00:00+00:00,11069,2650,6664,13610,3018,641,3048,2411,225,0,836,44172,176,50.0091,49.938,50.118,0.0451,0,0,1800,13,0.1,41.3,221,0,95,12,0,37.8,217,0,98,12,0.1,31.2,230,0,100,10.3,0,25.4,205,0,100,11.4,0,31.2,207,0,100,Tuesday,No,40529,41136,7-Jan-20,37,2020-01-07 18:00:00+00:00
2020-01-07 18:30:00+00:00,10738,2605,6620,13210,3052,642,2956,2412,234,0,836,43305,176,49.9728,49.833,50.164,0.0788,0,0,1800,13,0.1,41.3,221,0,95,12,0,37.8,217,0,98,12,0.1,31.2,230,0,100,10.3,0,25.4,205,0,100,11.4,0,31.2,207,0,100,Tuesday,No,39646,40251,7-Jan-20,38,2020-01-07 18:30:00+00:00
2020-01-07 19:00:00+00:00,10173,2352,6634,13279,3071,640,3338,2407,145,0,242,42281,169,50.0317,49.894,50.147,0.0586,0,0,1800,12.6,0.5,29.5,231,0,95,12.3,0,37.8,220,0,79,12,0.1,30.2,234,0,100,11,0,25.9,212,0,100,12.1,0,29.6,212,0,100,Tuesday,No,38666,39277,7-Jan-20,39,2020-01-07 19:00:00+00:00
2020-01-07 19:30:00+00:00,8906,2031,6627,13532,3071,632,3292,2403,135,0,378,41007,155,49.9753,49.872,50.114,0.0565,0,0,1800,12.6,0.5,29.5,231,0,95,12.3,0,37.8,220,0,79,12,0.1,30.2,234,0,100,11,0,25.9,212,0,100,12.1,0,29.6,212,0,100,Tuesday,No,37276,37886,7-Jan-20,40,2020-01-07 19:30:00+00:00
2020-01-07 20:00:00+00:00,7819,1697,6630,13428,3047,623,3342,2358,137,0,458,39539,142,50.0149,49.884,50.171,0.0704,0,0,1800,11.8,0.3,31.3,232,0,97,12.5,0,37.9,226,0,21,12,0.1,27.9,237,0,100,11.4,0.1,26.7,215,0,100,12.6,0,30.8,210,0,100,Tuesday,No,35855,36467,7-Jan-20,41,2020-01-07 20:00:00+00:00
2020-01-07 20:30:00+00:00,6686,1553,6563,13297,3002,623,3262,2301,142,0,336,37765,133,49.9663,49.863,50.072,0.0494,0,0,1800,11.8,0.3,31.3,232,0,97,12.5,0,37.9,226,0,21,12,0.1,27.9,237,0,100,11.4,0.1,26.7,215,0,100,12.6,0,30.8,210,0,100,Tuesday,No,34142,34756,7-Jan-20,42,2020-01-07 20:30:00+00:00
2020-01-07 21:00:00+00:00,5931,1390,6424,13187,2969,622,2962,2265,130,0,122,36002,124,50.0022,49.842,50.092,0.0435,0,0,1800,11.5,0,33.6,226,0,52,12.5,0,36.8,230,0,78,11.8,0.1,26.1,240,0,100,11.6,0.1,25.9,219,0,100,12.7,0,31.5,219,0,100,Tuesday,No,32526,33144,7-Jan-20,43,2020-01-07 21:00:00+00:00
2020-01-07 21:30:00+00:00,5316,1354,6412,12826,2968,605,2838,1698,126,0,0,34143,120,50.0702,49.96,50.167,0.0429,0,0,1800,11.5,0,33.6,226,0,52,12.5,0,36.8,230,0,78,11.8,0.1,26.1,240,0,100,11.6,0.1,25.9,219,0,100,12.7,0,31.5,219,0,100,Tuesday,No,30413,31064,7-Jan-20,44,2020-01-07 21:30:00+00:00
2020-01-07 22:00:00+00:00,5080,743,6410,12518,2956,557,2267,1574,154,0,96,32355,104,49.9464,49.862,50.045,0.0431,0,0,1800,10.6,0,35.1,223,0,88,12.9,0,36.2,235,0,95,11.8,0,23.7,240,0,96,11.8,0,27,222,0,100,12.9,0,31.9,221,0,98,Tuesday,No,27993,28974,7-Jan-20,45,2020-01-07 22:00:00+00:00
2020-01-07 22:30:00+00:00,4297,567,6421,12469,2894,602,1570,1757,131,0,44,30752,93,50.0346,49.946,50.142,0.0505,0,0,1800,10.6,0,35.1,223,0,88,12.9,0,36.2,235,0,95,11.8,0,23.7,240,0,96,11.8,0,27,222,0,100,12.9,0,31.9,221,0,98,Tuesday,No,26462,27768,7-Jan-20,46,2020-01-07 22:30:00+00:00
2020-01-07 23:00:00+00:00,3876,568,6433,12243,2840,605,678,1885,127,0,0,29255,87,50.0387,49.922,50.18,0.0637,0,0,1800,10.5,0,29.7,247,0,41,12.9,0,32.7,242,0,26,11.6,0.1,26.4,242,0,100,11.8,0,26.7,227,0,100,13,0,30.8,225,0,100,Tuesday,No,24399,26364,7-Jan-20,47,2020-01-07 23:00:00+00:00
2020-01-07 23:30:00+00:00,3648,565,6565,11802,2847,605,676,1821,127,0,0,28656,86,50.086,49.985,50.169,0.0384,0,0,1800,10.5,0,29.7,247,0,41,12.9,0,32.7,242,0,26,11.6,0.1,26.4,242,0,100,11.8,0,26.7,227,0,100,13,0,30.8,225,0,100,Tuesday,No,23133,25771,7-Jan-20,48,2020-01-07 23:30:00+00:00
